검색지역,검색키워드,제목,회사정보,근무조건,이미지URL,채용공고링크,수집일시
강남구,강아지,개인카페 커피숍 주말마감 알바 구해요 !,"카페꼬미
·
역삼동
·
2일 전","시급 1만 30원
·
금~일
·
19:00~01:00",https://dnvefa72aowie.cloudfront.net/jobs/article/56819164/1714824885076/job-post-1003538408.jpeg?q=95&s=1440x1440&t=inside,https://www.daangn.com/kr/jobs/%EA%B0%9C%EC%9D%B8%EC%B9%B4%ED%8E%98-%EC%BB%A4%ED%94%BC%EC%88%8D-%EC%A3%BC%EB%A7%90%EB%A7%88%EA%B0%90-%EC%95%8C%EB%B0%94-%EA%B5%AC%ED%95%B4%EC%9A%94-36upb6v6i9x8/?in=%EA%B0%95%EB%82%A8%EA%B5%AC-381,2025-02-17 15:30:13
강남구,강아지,강아지 산책 알바 구합니다.,"이웃알바
·
신사동
·
17일 전","건당 1만원
·
목~금
·
09:00~18:00 협의",https://dnvefa72aowie.cloudfront.net/jobs/article/13253447/1715237157979/job-post-3016740713.jpeg?q=95&s=1440x1440&t=inside,https://www.daangn.com/kr/jobs/%EA%B0%95%EC%95%84%EC%A7%80-%EC%82%B0%EC%B1%85-%EC%95%8C%EB%B0%94-%EA%B5%AC%ED%95%A9%EB%8B%88%EB%8B%A4-7ozig9d8uqn2/?in=%EA%B0%95%EB%82%A8%EA%B5%AC-381,2025-02-17 15:30:13
강남구,강아지,19개월 남아 베이비시터 선생님 모십니다,"이웃알바
·
개포동
·
2일 전","시급 1만 7,000원
·
화~금
·
09:00~18:00 협의",https://img.kr.gcp-karroter.net/jobs/article/2599920/1738548130373/job-post-2340333136.jpeg?q=95&s=1440x1440&t=inside,https://www.daangn.com/kr/jobs/19%EA%B0%9C%EC%9B%94-%EB%82%A8%EC%95%84-%EB%B2%A0%EC%9D%B4%EB%B9%84%EC%8B%9C%ED%84%B0-%EC%84%A0%EC%83%9D%EB%8B%98-%EB%AA%A8%EC%8B%AD%EB%8B%88%EB%8B%A4-upm975553aae/?in=%EA%B0%95%EB%82%A8%EA%B5%AC-381,2025-02-17 15:30:13
강남구,강아지,나비캣에서 함께 근무할 직원을 구합니다,"고양이 나비캣 강남점
·
논현동
·
4일 전","시급 1만 500원
·
월, 화, 수, 금, 토, 일
·
11:00~15:00 협의",https://img.kr.gcp-karroter.net/jobs/article/88573685/1736836018174/job-post-3345232153.jpeg?q=95&s=1440x1440&t=inside,https://www.daangn.com/kr/jobs/%EB%82%98%EB%B9%84%EC%BA%A3%EC%97%90%EC%84%9C-%ED%95%A8%EA%BB%98-%EA%B7%BC%EB%AC%B4%ED%95%A0-%EC%A7%81%EC%9B%90%EC%9D%84-%EA%B5%AC%ED%95%A9%EB%8B%88%EB%8B%A4-w6muha5fkx98/?in=%EA%B0%95%EB%82%A8%EA%B5%AC-381,2025-02-17 15:30:13
강남구,강아지,베이비시터! 오후시간 시간제 전문가님 모십니다.,"이웃알바
·
논현동
·
7일 전","시급 1만 5,000원
·
월~금
·
15:00~20:00",이미지 없음,https://www.daangn.com/kr/jobs/%EB%B2%A0%EC%9D%B4%EB%B9%84%EC%8B%9C%ED%84%B0-%EC%98%A4%ED%9B%84%EC%8B%9C%EA%B0%84-%EC%8B%9C%EA%B0%84%EC%A0%9C-%EC%A0%84%EB%AC%B8%EA%B0%80%EB%8B%98-%EB%AA%A8%EC%8B%AD%EB%8B%88%EB%8B%A4-c28hcg7rs46h/?in=%EA%B0%95%EB%82%A8%EA%B5%AC-381,2025-02-17 15:30:14
강남구,강아지,"청소 , 반려동물 산책","이웃알바
·
삼성동
·
8일 전","시급 1만 5,000원
·
월, 수, 금
·
09:00~18:00 협의",이미지 없음,https://www.daangn.com/kr/jobs/%EC%B2%AD%EC%86%8C-%EB%B0%98%EB%A0%A4%EB%8F%99%EB%AC%BC-%EC%82%B0%EC%B1%85-wd2xyg4acg1q/?in=%EA%B0%95%EB%82%A8%EA%B5%AC-381,2025-02-17 15:30:14
강남구,강아지,논현동 가정집 반려동물 돌봄 (일요일),"이웃알바
·
논현동
·
1개월 전","건당 18만원
·
일
·
07:00~16:30",이미지 없음,https://www.daangn.com/kr/jobs/%EB%85%BC%ED%98%84%EB%8F%99-%EA%B0%80%EC%A0%95%EC%A7%91-%EB%B0%98%EB%A0%A4%EB%8F%99%EB%AC%BC-%EB%8F%8C%EB%B4%84-%EC%9D%BC%EC%9A%94%EC%9D%BC-aaywwyak1wxb/?in=%EA%B0%95%EB%82%A8%EA%B5%AC-381,2025-02-17 15:30:14
강남구,강아지,논현동 가정집 반려동물 돌봄 (평일/주말),"이웃알바
·
논현동
·
2개월 전","건당 18만원
·
일
·
09:00~18:00 협의",이미지 없음,https://www.daangn.com/kr/jobs/%EB%85%BC%ED%98%84%EB%8F%99-%EA%B0%80%EC%A0%95%EC%A7%91-%EB%B0%98%EB%A0%A4%EB%8F%99%EB%AC%BC-%EB%8F%8C%EB%B4%84-%ED%8F%89%EC%9D%BC-%EC%A3%BC%EB%A7%90-94k1qe4cjmq7/?in=%EA%B0%95%EB%82%A8%EA%B5%AC-381,2025-02-17 15:30:14
강남구,고양이,나비캣에서 함께 근무할 직원을 구합니다,"고양이 나비캣 강남점
·
논현동
·
4일 전","시급 1만 500원
·
월, 화, 수, 금, 토, 일
·
11:00~15:00 협의",https://img.kr.gcp-karroter.net/jobs/article/88573685/1736836018174/job-post-3345232153.jpeg?q=95&s=1440x1440&t=inside,https://www.daangn.com/kr/jobs/%EB%82%98%EB%B9%84%EC%BA%A3%EC%97%90%EC%84%9C-%ED%95%A8%EA%BB%98-%EA%B7%BC%EB%AC%B4%ED%95%A0-%EC%A7%81%EC%9B%90%EC%9D%84-%EA%B5%AC%ED%95%A9%EB%8B%88%EB%8B%A4-w6muha5fkx98/?in=%EA%B0%95%EB%82%A8%EA%B5%AC-381,2025-02-17 15:30:14
강남구,고양이,논현동 가정집 반려동물 돌봄 (일요일),"이웃알바
·
논현동
·
1개월 전","건당 18만원
·
일
·
07:00~16:30",이미지 없음,https://www.daangn.com/kr/jobs/%EB%85%BC%ED%98%84%EB%8F%99-%EA%B0%80%EC%A0%95%EC%A7%91-%EB%B0%98%EB%A0%A4%EB%8F%99%EB%AC%BC-%EB%8F%8C%EB%B4%84-%EC%9D%BC%EC%9A%94%EC%9D%BC-aaywwyak1wxb/?in=%EA%B0%95%EB%82%A8%EA%B5%AC-381,2025-02-17 15:30:14
강남구,고양이,논현동 가정집 반려동물 돌봄 (평일/주말),"이웃알바
·
논현동
·
2개월 전","건당 18만원
·
일
·
09:00~18:00 협의",이미지 없음,https://www.daangn.com/kr/jobs/%EB%85%BC%ED%98%84%EB%8F%99-%EA%B0%80%EC%A0%95%EC%A7%91-%EB%B0%98%EB%A0%A4%EB%8F%99%EB%AC%BC-%EB%8F%8C%EB%B4%84-%ED%8F%89%EC%9D%BC-%EC%A3%BC%EB%A7%90-94k1qe4cjmq7/?in=%EA%B0%95%EB%82%A8%EA%B5%AC-381,2025-02-17 15:30:14
송파구,강아지,2시부터7시 월 금 집안일과 아이케어해주실분 모십니다,"이웃알바
·
문정동
·
5시간 전","건당 1만 4,000원
·
월, 금
·
09:00~18:00 협의",이미지 없음,https://www.daangn.com/kr/jobs/2%EC%8B%9C%EB%B6%80%ED%84%B07%EC%8B%9C-%EC%9B%94-%EA%B8%88-%EC%A7%91%EC%95%88%EC%9D%BC%EA%B3%BC-%EC%95%84%EC%9D%B4%EC%BC%80%EC%96%B4%ED%95%B4%EC%A3%BC%EC%8B%A4%EB%B6%84-%EB%AA%A8%EC%8B%AD%EB%8B%88%EB%8B%A4-haooamqovwdf/?in=%EC%86%A1%ED%8C%8C%EA%B5%AC-404,2025-02-17 15:30:15
강서구,강아지,중대형견 산책,"이웃알바
·
화곡동
·
20분 전","건당 1만 1,000원
·
오늘
·
09:00~18:00 협의",이미지 없음,https://www.daangn.com/kr/jobs/%EC%A4%91%EB%8C%80%ED%98%95%EA%B2%AC-%EC%82%B0%EC%B1%85-q9ffva3g9hz2/?in=%EA%B0%95%EC%84%9C%EA%B5%AC-257,2025-02-17 15:30:26
강서구,강아지,오전에 강아지 고양이 케어해주실분 구합니다,"버디독 강서점
·
화곡동
·
2일 전","월급 25만원
·
금~일
·
10:00~12:00",https://dnvefa72aowie.cloudfront.net/jobs/article/28045882/1717909507771/job-post-2320336230.jpeg?q=95&s=1440x1440&t=inside,https://www.daangn.com/kr/jobs/%EC%98%A4%EC%A0%84%EC%97%90-%EA%B0%95%EC%95%84%EC%A7%80-%EA%B3%A0%EC%96%91%EC%9D%B4-%EC%BC%80%EC%96%B4%ED%95%B4%EC%A3%BC%EC%8B%A4%EB%B6%84-%EA%B5%AC%ED%95%A9%EB%8B%88%EB%8B%A4-ya1523ote8qd/?in=%EA%B0%95%EC%84%9C%EA%B5%AC-257,2025-02-17 15:30:26
강서구,강아지,21일 저녁 ~24일 오후 강아지봐주실분,"이웃알바
·
화곡동
·
2일 전","건당 8만원
·
총 4일 / 2월 21~24일
·
09:00~18:00 협의",https://img.kr.gcp-karroter.net/jobs/article/70230994/1739598836426/3865285103.jpeg?q=95&s=1440x1440&t=inside,https://www.daangn.com/kr/jobs/21%EC%9D%BC-%EC%A0%80%EB%85%81-24%EC%9D%BC-%EC%98%A4%ED%9B%84-%EA%B0%95%EC%95%84%EC%A7%80%EB%B4%90%EC%A3%BC%EC%8B%A4%EB%B6%84-4rfju19qa61x/?in=%EA%B0%95%EC%84%9C%EA%B5%AC-257,2025-02-17 15:30:26
강서구,강아지,25개월 여아 하원도우미 선생님 구합니다,"이웃알바
·
등촌동
·
2일 전","건당 1만 5,000원
·
2월 28일
·
09:00~18:00 협의",이미지 없음,https://www.daangn.com/kr/jobs/25%EA%B0%9C%EC%9B%94-%EC%97%AC%EC%95%84-%ED%95%98%EC%9B%90%EB%8F%84%EC%9A%B0%EB%AF%B8-%EC%84%A0%EC%83%9D%EB%8B%98-%EA%B5%AC%ED%95%A9%EB%8B%88%EB%8B%A4-8d94m1skrqkq/?in=%EA%B0%95%EC%84%9C%EA%B5%AC-257,2025-02-17 15:30:26
강서구,강아지,[양천향교역] 여아 (주말/휴일) 베이비시터 모셔요,"이웃알바
·
가양동
·
27일 전","시급 1만 4,000원
·
토~일
·
09:00~18:00 협의",이미지 없음,https://www.daangn.com/kr/jobs/%EC%96%91%EC%B2%9C%ED%96%A5%EA%B5%90%EC%97%AD-%EC%97%AC%EC%95%84-%EC%A3%BC%EB%A7%90-%ED%9C%B4%EC%9D%BC-%EB%B2%A0%EC%9D%B4%EB%B9%84%EC%8B%9C%ED%84%B0-%EB%AA%A8%EC%85%94%EC%9A%94-9qi8py11rtpg/?in=%EA%B0%95%EC%84%9C%EA%B5%AC-257,2025-02-17 15:30:26
강서구,고양이,고양이배식 / 1시간가량소요 / 마곡동,"이웃알바
·
마곡동
·
3개월 전","건당 2만 5,000원
·
월, 토, 일
·
09:00~18:00 협의",이미지 없음,https://www.daangn.com/kr/jobs/%EA%B3%A0%EC%96%91%EC%9D%B4%EB%B0%B0%EC%8B%9D-1%EC%8B%9C%EA%B0%84%EA%B0%80%EB%9F%89%EC%86%8C%EC%9A%94-%EB%A7%88%EA%B3%A1%EB%8F%99-ysp7t4jczoak/?in=%EA%B0%95%EC%84%9C%EA%B5%AC-257,2025-02-17 15:30:26
강북구,강아지,악세사리 쇼핑몰 택배 포장,"보핀
·
수유동
·
4개월 전","시급 1만 30원
·
월~금
·
16:00~18:00 협의",https://img.kr.gcp-karroter.net/jobs/article/5313337/1729063609673/job-post-2019553712.jpeg?q=95&s=1440x1440&t=inside,https://www.daangn.com/kr/jobs/%EC%95%85%EC%84%B8%EC%82%AC%EB%A6%AC-%EC%87%BC%ED%95%91%EB%AA%B0-%ED%83%9D%EB%B0%B0-%ED%8F%AC%EC%9E%A5-ybistm3xrxi4/?in=%EA%B0%95%EB%B6%81%EA%B5%AC-140,2025-02-17 15:30:48
강북구,고양이,주얼리 포장/ 각인 알바 월화 추가 채용해요,"주식회사 카와이
·
번동
·
2일 전","시급 1만 30원
·
월~화
·
12:00~16:00 협의",https://dnvefa72aowie.cloudfront.net/jobs/article/69654631/1718070941795/job-post-4156313643.jpeg?q=95&s=1440x1440&t=inside,https://www.daangn.com/kr/jobs/%EC%A3%BC%EC%96%BC%EB%A6%AC-%ED%8F%AC%EC%9E%A5-%EA%B0%81%EC%9D%B8-%EC%95%8C%EB%B0%94-%EC%9B%94%ED%99%94-%EC%B6%94%EA%B0%80-%EC%B1%84%EC%9A%A9%ED%95%B4%EC%9A%94-5ybtjrgzubqy/?in=%EA%B0%95%EB%B6%81%EA%B5%AC-140,2025-02-17 15:30:49
관악구,강아지,강아지 5일동안 돌봐주실분 구해요,"이웃알바
·
신림동
·
3일 전","건당 15만원
·
총 6일 / 3월 1~6일
·
09:00~18:00 협의",https://img.kr.gcp-karroter.net/jobs/article/3381997/1739512331617/269925495.jpeg?q=95&s=1440x1440&t=inside,https://www.daangn.com/kr/jobs/%EA%B0%95%EC%95%84%EC%A7%80-5%EC%9D%BC%EB%8F%99%EC%95%88-%EB%8F%8C%EB%B4%90%EC%A3%BC%EC%8B%A4%EB%B6%84-%EA%B5%AC%ED%95%B4%EC%9A%94-9syntmpm25bj/?in=%EA%B4%80%EC%95%85%EA%B5%AC-340,2025-02-17 15:30:49
관악구,강아지,대형견 산책,"이웃알바
·
봉천동
·
9일 전","시급 1만 2,000원
·
월~일
·
09:00~18:00 협의",https://img.kr.gcp-karroter.net/jobs/article/16211101/1734070034253/job-post-675679856.jpeg?q=95&s=1440x1440&t=inside,https://www.daangn.com/kr/jobs/%EB%8C%80%ED%98%95%EA%B2%AC-%EC%82%B0%EC%B1%85-tt9avack3y4e/?in=%EA%B4%80%EC%95%85%EA%B5%AC-340,2025-02-17 15:30:49
관악구,강아지,펫시터 단기 알바 구합니다!,"이웃알바
·
신림동
·
16일 전","시급 1만 3,000원
·
총 4일 / 내일~2월 21일
·
09:00~18:00 협의",이미지 없음,https://www.daangn.com/kr/jobs/%ED%8E%AB%EC%8B%9C%ED%84%B0-%EB%8B%A8%EA%B8%B0-%EC%95%8C%EB%B0%94-%EA%B5%AC%ED%95%A9%EB%8B%88%EB%8B%A4-c7fni3t23dwr/?in=%EA%B4%80%EC%95%85%EA%B5%AC-340,2025-02-17 15:30:49
구로구,강아지,강아지 돌봄,"이웃알바
·
개봉동
·
2일 전","건당 1만 1,000원
·
월~금
·
09:00~18:00 협의",https://img.kr.gcp-karroter.net/jobs/article/15249130/1739600696989/2161706820.jpeg?q=95&s=1440x1440&t=inside,https://www.daangn.com/kr/jobs/%EA%B0%95%EC%95%84%EC%A7%80-%EB%8F%8C%EB%B4%84-1gyu1j1keewy/?in=%EA%B5%AC%EB%A1%9C%EA%B5%AC-278,2025-02-17 15:31:21
구로구,강아지,펫시터 해주실 분 찾습니당~,"이웃알바
·
고척동
·
3일 전","건당 1만원
·
총 5일 / 2월 21~25일
·
09:00~18:00 협의",https://img.kr.gcp-karroter.net/jobs/article/17470232/1739510780384/686131050.jpeg?q=95&s=1440x1440&t=inside,https://www.daangn.com/kr/jobs/%ED%8E%AB%EC%8B%9C%ED%84%B0-%ED%95%B4%EC%A3%BC%EC%8B%A4-%EB%B6%84-%EC%B0%BE%EC%8A%B5%EB%8B%88%EB%8B%B9-1myvvt5evx3i/?in=%EA%B5%AC%EB%A1%9C%EA%B5%AC-278,2025-02-17 15:31:21
구로구,강아지,펫시터 구합니다!,"이웃알바
·
구로동
·
8일 전","시급 1만 1,000원
·
총 8일 / 3월 4~11일
·
09:00~18:00 협의",이미지 없음,https://www.daangn.com/kr/jobs/%ED%8E%AB%EC%8B%9C%ED%84%B0-%EA%B5%AC%ED%95%A9%EB%8B%88%EB%8B%A4-u5qidhbiuyx6/?in=%EA%B5%AC%EB%A1%9C%EA%B5%AC-278,2025-02-17 15:31:21
구로구,강아지,(목~토) 집안일 맡아주실 선생님 계실까요?,"이웃알바
·
개봉동
·
18일 전","시급 1만 6,000원
·
목~토
·
09:00~18:00 협의",https://img.kr.gcp-karroter.net/jobs/article/9188704/1738252667833/job-post-3394862910.jpeg?q=95&s=1440x1440&t=inside,https://www.daangn.com/kr/jobs/%EB%AA%A9-%ED%86%A0-%EC%A7%91%EC%95%88%EC%9D%BC-%EB%A7%A1%EC%95%84%EC%A3%BC%EC%8B%A4-%EC%84%A0%EC%83%9D%EB%8B%98-%EA%B3%84%EC%8B%A4%EA%B9%8C%EC%9A%94-yxw7mxwhyahk/?in=%EA%B5%AC%EB%A1%9C%EA%B5%AC-278,2025-02-17 15:31:21
금천구,고양이,브랜드 Glossy 물류/생산보조 파트타이머 구인공고,"시선(SEE-SUN)
·
독산동
·
17시간 전","시급 1만 1,000원
·
월~금
·
13:00~18:30",https://img.kr.gcp-karroter.net/jobs/article/43897/1733153754965/job-post-4198574228.jpeg?q=95&s=1440x1440&t=inside,https://www.daangn.com/kr/jobs/%EB%B8%8C%EB%9E%9C%EB%93%9C-glossy-%EB%AC%BC%EB%A5%98-%EC%83%9D%EC%82%B0%EB%B3%B4%EC%A1%B0-%ED%8C%8C%ED%8A%B8%ED%83%80%EC%9D%B4%EB%A8%B8-%EA%B5%AC%EC%9D%B8%EA%B3%B5%EA%B3%A0-hj89s1n5otfa/?in=%EA%B8%88%EC%B2%9C%EA%B5%AC-294,2025-02-17 15:31:43
금천구,고양이,[단기] 브랜드 Glossy 물류 파트타이머 구인공고,"시선(SEE-SUN)
·
독산동
·
18시간 전","시급 1만 1,000원
·
총 5일 / 오늘~2월 21일
·
13:00~18:30",https://img.kr.gcp-karroter.net/jobs/article/43897/1733153754965/job-post-4198574228.jpeg?q=95&s=1440x1440&t=inside,https://www.daangn.com/kr/jobs/%EB%8B%A8%EA%B8%B0-%EB%B8%8C%EB%9E%9C%EB%93%9C-glossy-%EB%AC%BC%EB%A5%98-%ED%8C%8C%ED%8A%B8%ED%83%80%EC%9D%B4%EB%A8%B8-%EA%B5%AC%EC%9D%B8%EA%B3%B5%EA%B3%A0-2jgxcv5xr87k/?in=%EA%B8%88%EC%B2%9C%EA%B5%AC-294,2025-02-17 15:31:43
도봉구,강아지,애견샵 매장 청소 및 정리정돈,"솔직하개정직하개
·
방학동
·
19시간 전","시급 1만 5,000원
·
월, 화, 수, 금, 토, 일
·
09:00~13:00",이미지 없음,https://www.daangn.com/kr/jobs/%EC%95%A0%EA%B2%AC%EC%83%B5-%EB%A7%A4%EC%9E%A5-%EC%B2%AD%EC%86%8C-%EB%B0%8F-%EC%A0%95%EB%A6%AC%EC%A0%95%EB%8F%88-k87j4hh261i9/?in=%EB%8F%84%EB%B4%89%EA%B5%AC-154,2025-02-17 15:32:05
동대문구,강아지,주2회 월 금 4시간 가사도우미-동대문구,"이웃알바
·
장안동
·
4시간 전","건당 5만원
·
월, 금
·
14:00~18:00",이미지 없음,https://www.daangn.com/kr/jobs/%EC%A3%BC2%ED%9A%8C-%EC%9B%94-%EA%B8%88-4%EC%8B%9C%EA%B0%84-%EA%B0%80%EC%82%AC%EB%8F%84%EC%9A%B0%EB%AF%B8-%EB%8F%99%EB%8C%80%EB%AC%B8%EA%B5%AC-1osyy1mfqvgo/?in=%EB%8F%99%EB%8C%80%EB%AC%B8%EA%B5%AC-87,2025-02-17 15:32:16
동대문구,강아지,여성의류 쇼핑몰 배송포장 알바(중장기),"(주)더제이코퍼레이션
·
신설동
·
3일 전","시급 1만 1,000원
·
월~금
·
10:00~18:00",https://img.kr.gcp-karroter.net/jobs/article/14780057/1732778354751/job-post-2800173931.jpeg?q=95&s=1440x1440&t=inside,https://www.daangn.com/kr/jobs/%EC%97%AC%EC%84%B1%EC%9D%98%EB%A5%98-%EC%87%BC%ED%95%91%EB%AA%B0-%EB%B0%B0%EC%86%A1%ED%8F%AC%EC%9E%A5-%EC%95%8C%EB%B0%94-%EC%A4%91%EC%9E%A5%EA%B8%B0-7jc88hjfyngt/?in=%EB%8F%99%EB%8C%80%EB%AC%B8%EA%B5%AC-87,2025-02-17 15:32:16
동작구,강아지,강아지 안무서워 하시는 분 계실까요..ㅜ,"이웃알바
·
흑석동
·
22시간 전","시급 1만 1,000원
·
총 24일 / 2월 23일~3월 18일
·
09:00~18:00 협의",https://img.kr.gcp-karroter.net/jobs/article/34321054/1739696460876/336136990.jpeg?q=95&s=1440x1440&t=inside,https://www.daangn.com/kr/jobs/%EA%B0%95%EC%95%84%EC%A7%80-%EC%95%88%EB%AC%B4%EC%84%9C%EC%9B%8C-%ED%95%98%EC%8B%9C%EB%8A%94-%EB%B6%84-%EA%B3%84%EC%8B%A4%EA%B9%8C%EC%9A%94-xd9gtzxweopp/?in=%EB%8F%99%EC%9E%91%EA%B5%AC-324,2025-02-17 15:32:27
동작구,강아지,(2월) 4세 쌍둥이 남매 베이비시터 구합니다.,"이웃알바
·
신대방동
·
1개월 전","시급 2만원
·
수~금
·
16:30~19:30",https://dnvefa72aowie.cloudfront.net/jobs/article/20384640/1714972183442/job-post-2987371366.jpeg?q=95&s=1440x1440&t=inside,https://www.daangn.com/kr/jobs/2%EC%9B%94-4%EC%84%B8-%EC%8C%8D%EB%91%A5%EC%9D%B4-%EB%82%A8%EB%A7%A4-%EB%B2%A0%EC%9D%B4%EB%B9%84%EC%8B%9C%ED%84%B0-%EA%B5%AC%ED%95%A9%EB%8B%88%EB%8B%A4-8dk9g3ggifvr/?in=%EB%8F%99%EC%9E%91%EA%B5%AC-324,2025-02-17 15:32:27
동작구,고양이,7세 여아 등원 도움 주실 분 모십니다 :),"이웃알바
·
노량진동
·
5시간 전","건당 1만 3,000원
·
월~금
·
08:00~09:00",이미지 없음,https://www.daangn.com/kr/jobs/7%EC%84%B8-%EC%97%AC%EC%95%84-%EB%93%B1%EC%9B%90-%EB%8F%84%EC%9B%80-%EC%A3%BC%EC%8B%A4-%EB%B6%84-%EB%AA%A8%EC%8B%AD%EB%8B%88%EB%8B%A4-hd7aqrhxcjnc/?in=%EB%8F%99%EC%9E%91%EA%B5%AC-324,2025-02-17 15:32:27
마포구,강아지,말티즈 산책시켜주실 분,"이웃알바
·
서교동
·
23일 전","건당 2만원
·
월~금
·
09:00~18:00 협의",https://img.kr.gcp-karroter.net/jobs/article/37012609/1736672636465/job-post-355321238.jpeg?q=95&s=1440x1440&t=inside,https://www.daangn.com/kr/jobs/%EB%A7%90%ED%8B%B0%EC%A6%88-%EC%82%B0%EC%B1%85%EC%8B%9C%EC%BC%9C%EC%A3%BC%EC%8B%A4-%EB%B6%84-9abu7zm8pjwo/?in=%EB%A7%88%ED%8F%AC%EA%B5%AC-221,2025-02-17 15:32:28
마포구,고양이,고양이 케이지에 넣는거 도와주실 분,"이웃알바
·
연남동
·
3분 전","건당 1만원
·
내일
·
09:00~18:00 협의",이미지 없음,https://www.daangn.com/kr/jobs/%EA%B3%A0%EC%96%91%EC%9D%B4-%EC%BC%80%EC%9D%B4%EC%A7%80%EC%97%90-%EB%84%A3%EB%8A%94%EA%B1%B0-%EB%8F%84%EC%99%80%EC%A3%BC%EC%8B%A4-%EB%B6%84-1ecj799ar4y3/?in=%EB%A7%88%ED%8F%AC%EA%B5%AC-221,2025-02-17 15:32:28
서대문구,강아지,9평 투룸 청소,"이웃알바
·
홍은동
·
17일 전","건당 2만 5,000원
·
월~금
·
09:00~18:00 협의",https://img.kr.gcp-karroter.net/jobs/article/51730874/1738217801830/job-post-833502765.jpeg?q=95&s=1440x1440&t=inside,https://www.daangn.com/kr/jobs/9%ED%8F%89-%ED%88%AC%EB%A3%B8-%EC%B2%AD%EC%86%8C-tupbc557y9au/?in=%EC%84%9C%EB%8C%80%EB%AC%B8%EA%B5%AC-206,2025-02-17 15:32:29
성동구,강아지,주1회 50평대 청소(2시간),"이웃알바
·
하왕십리동
·
3시간 전","건당 5만원
·
월~금
·
09:00~18:00 협의",https://img.kr.gcp-karroter.net/jobs/article/15853015/1738506714924/job-post-895801729.jpeg?q=95&s=1440x1440&t=inside,https://www.daangn.com/kr/jobs/%EC%A3%BC1%ED%9A%8C-50%ED%8F%89%EB%8C%80-%EC%B2%AD%EC%86%8C-2%EC%8B%9C%EA%B0%84-njt76t1g5jsa/?in=%EC%84%B1%EB%8F%99%EA%B5%AC-53,2025-02-17 15:33:01
성동구,강아지,12개월 여아 베이비시터 구해요(3회/주),"이웃알바
·
금호동1가
·
11일 전","시급 1만 7,000원
·
월, 화, 금
·
12:00~17:00",이미지 없음,https://www.daangn.com/kr/jobs/12%EA%B0%9C%EC%9B%94-%EC%97%AC%EC%95%84-%EB%B2%A0%EC%9D%B4%EB%B9%84%EC%8B%9C%ED%84%B0-%EA%B5%AC%ED%95%B4%EC%9A%94-3%ED%9A%8C-%EC%A3%BC-ecwjodx1uso3/?in=%EC%84%B1%EB%8F%99%EA%B5%AC-53,2025-02-17 15:33:01
성동구,강아지,시바견 두마리 산책알바 구합니다.,"이웃알바
·
성수동1가
·
28일 전","건당 1만 5,000원
·
월~일
·
09:00~18:00 협의",이미지 없음,https://www.daangn.com/kr/jobs/%EC%8B%9C%EB%B0%94%EA%B2%AC-%EB%91%90%EB%A7%88%EB%A6%AC-%EC%82%B0%EC%B1%85%EC%95%8C%EB%B0%94-%EA%B5%AC%ED%95%A9%EB%8B%88%EB%8B%A4-kqr2ikkw7qb7/?in=%EC%84%B1%EB%8F%99%EA%B5%AC-53,2025-02-17 15:33:01
성북구·종로구,강아지,강아지 산책 도와주실 분을 찾고 있어요!!,"이웃알바
·
역곡동
·
1시간 전","건당 1만 2,000원
·
월~금
·
09:00~18:00 협의",https://img.kr.gcp-karroter.net/jobs/article/85136340/1735567190192/job-post-770352170.jpeg?q=95&s=1440x1440&t=inside,https://www.daangn.com/kr/jobs/%EA%B0%95%EC%95%84%EC%A7%80-%EC%82%B0%EC%B1%85-%EB%8F%84%EC%99%80%EC%A3%BC%EC%8B%A4-%EB%B6%84%EC%9D%84-%EC%B0%BE%EA%B3%A0-%EC%9E%88%EC%96%B4%EC%9A%94-wucue2a8juub/?in=%EC%84%B1%EB%B6%81%EA%B5%AC-%EC%A2%85%EB%A1%9C%EA%B5%AC-12411,2025-02-17 15:33:37
성북구·종로구,강아지,강아지 산책 구해용,"이웃알바
·
외동
·
1시간 전","시급 1만 30원
·
오늘
·
09:00~18:00 협의",이미지 없음,https://www.daangn.com/kr/jobs/%EA%B0%95%EC%95%84%EC%A7%80-%EC%82%B0%EC%B1%85-%EA%B5%AC%ED%95%B4%EC%9A%A9-3ocyqxcivjqt/?in=%EC%84%B1%EB%B6%81%EA%B5%AC-%EC%A2%85%EB%A1%9C%EA%B5%AC-12411,2025-02-17 15:33:37
성북구·종로구,강아지,강아지 산책,"이웃알바
·
근덕면
·
9분 전","건당 1만원
·
내일
·
09:00~18:00 협의",이미지 없음,https://www.daangn.com/kr/jobs/%EA%B0%95%EC%95%84%EC%A7%80-%EC%82%B0%EC%B1%85-mrczk1gz9omo/?in=%EC%84%B1%EB%B6%81%EA%B5%AC-%EC%A2%85%EB%A1%9C%EA%B5%AC-12411,2025-02-17 15:33:37
성북구·종로구,강아지,강아지 산책,"이웃알바
·
강화읍
·
9분 전","건당 1만원
·
내일
·
09:00~18:00 협의",이미지 없음,https://www.daangn.com/kr/jobs/%EA%B0%95%EC%95%84%EC%A7%80-%EC%82%B0%EC%B1%85-ivea9136ctf6/?in=%EC%84%B1%EB%B6%81%EA%B5%AC-%EC%A2%85%EB%A1%9C%EA%B5%AC-12411,2025-02-17 15:33:37
성북구·종로구,강아지,"(대야동)일주일 어르신 화,목 돌봐주실분 구해요","이웃알바
·
대야동
·
11초 전","시급 1만 2,700원
·
화, 목
·
13:00~15:00",이미지 없음,https://www.daangn.com/kr/jobs/%EB%8C%80%EC%95%BC%EB%8F%99-%EC%9D%BC%EC%A3%BC%EC%9D%BC-%EC%96%B4%EB%A5%B4%EC%8B%A0-%ED%99%94-%EB%AA%A9-%EB%8F%8C%EB%B4%90%EC%A3%BC%EC%8B%A4%EB%B6%84-%EA%B5%AC%ED%95%B4%EC%9A%94-toe48489w6c4/?in=%EC%84%B1%EB%B6%81%EA%B5%AC-%EC%A2%85%EB%A1%9C%EA%B5%AC-12411,2025-02-17 15:33:37
성북구·종로구,강아지,반려동물 케어 및 산책,"이웃알바
·
성남동
·
4분 전","건당 1만 7,000원
·
오늘
·
16:00~18:00",이미지 없음,https://www.daangn.com/kr/jobs/%EB%B0%98%EB%A0%A4%EB%8F%99%EB%AC%BC-%EC%BC%80%EC%96%B4-%EB%B0%8F-%EC%82%B0%EC%B1%85-cmuv1xma2ks1/?in=%EC%84%B1%EB%B6%81%EA%B5%AC-%EC%A2%85%EB%A1%9C%EA%B5%AC-12411,2025-02-17 15:33:37
성북구·종로구,강아지,중대형견 산책,"이웃알바
·
화곡동
·
23분 전","건당 1만 1,000원
·
오늘
·
09:00~18:00 협의",이미지 없음,https://www.daangn.com/kr/jobs/%EC%A4%91%EB%8C%80%ED%98%95%EA%B2%AC-%EC%82%B0%EC%B1%85-q9ffva3g9hz2/?in=%EC%84%B1%EB%B6%81%EA%B5%AC-%EC%A2%85%EB%A1%9C%EA%B5%AC-12411,2025-02-17 15:33:38
성북구·종로구,강아지,반려견 방문돌봄,"이웃알바
·
인계동
·
32분 전","건당 2만원
·
오늘
·
16:00~17:30",이미지 없음,https://www.daangn.com/kr/jobs/%EB%B0%98%EB%A0%A4%EA%B2%AC-%EB%B0%A9%EB%AC%B8%EB%8F%8C%EB%B4%84-d6ierxy6c3j6/?in=%EC%84%B1%EB%B6%81%EA%B5%AC-%EC%A2%85%EB%A1%9C%EA%B5%AC-12411,2025-02-17 15:33:38
성북구·종로구,강아지,9개월 말티푸 펫시터 구합니다! (2/21~2/24),"이웃알바
·
청라동
·
1시간 전","건당 2만원
·
총 7일 / 오늘~2월 23일
·
09:00~18:00 협의",이미지 없음,https://www.daangn.com/kr/jobs/9%EA%B0%9C%EC%9B%94-%EB%A7%90%ED%8B%B0%ED%91%B8-%ED%8E%AB%EC%8B%9C%ED%84%B0-%EA%B5%AC%ED%95%A9%EB%8B%88%EB%8B%A4-2-21-2-24-7sumvyrng9m6/?in=%EC%84%B1%EB%B6%81%EA%B5%AC-%EC%A2%85%EB%A1%9C%EA%B5%AC-12411,2025-02-17 15:33:38
성북구·종로구,강아지,강아지 산책 알바 구합니다(아침7시),"이웃알바
·
세류동
·
3시간 전","건당 1만 5,000원
·
월~수
·
07:00~08:00",이미지 없음,https://www.daangn.com/kr/jobs/%EA%B0%95%EC%95%84%EC%A7%80-%EC%82%B0%EC%B1%85-%EC%95%8C%EB%B0%94-%EA%B5%AC%ED%95%A9%EB%8B%88%EB%8B%A4-%EC%95%84%EC%B9%A87%EC%8B%9C-zfmcy93hmxeb/?in=%EC%84%B1%EB%B6%81%EA%B5%AC-%EC%A2%85%EB%A1%9C%EA%B5%AC-12411,2025-02-17 15:33:38
성북구·종로구,강아지,실종견 인쇄물 배포,"이웃알바
·
계수동
·
2시간 전","건당 2만 5,000원
·
총 7일 / 오늘~2월 23일
·
09:00~18:00 협의",이미지 없음,https://www.daangn.com/kr/jobs/%EC%8B%A4%EC%A2%85%EA%B2%AC-%EC%9D%B8%EC%87%84%EB%AC%BC-%EB%B0%B0%ED%8F%AC-6x49qu6bmhkt/?in=%EC%84%B1%EB%B6%81%EA%B5%AC-%EC%A2%85%EB%A1%9C%EA%B5%AC-12411,2025-02-17 15:33:38
성북구·종로구,강아지,이삿짐 싸는거 도와주실분 오전두시간,"이웃알바
·
강정동
·
2시간 전","건당 2만 5,000원
·
내일
·
09:00~18:00 협의",이미지 없음,https://www.daangn.com/kr/jobs/%EC%9D%B4%EC%82%BF%EC%A7%90-%EC%8B%B8%EB%8A%94%EA%B1%B0-%EB%8F%84%EC%99%80%EC%A3%BC%EC%8B%A4%EB%B6%84-%EC%98%A4%EC%A0%84%EB%91%90%EC%8B%9C%EA%B0%84-e12b7ubqb3ub/?in=%EC%84%B1%EB%B6%81%EA%B5%AC-%EC%A2%85%EB%A1%9C%EA%B5%AC-12411,2025-02-17 15:33:38
성북구·종로구,강아지,강아지 급식. 산책 알바 구해요,"이웃알바
·
하남동
·
4시간 전","건당 1만원
·
총 7일 / 오늘~2월 23일
·
09:00~18:00 협의",이미지 없음,https://www.daangn.com/kr/jobs/%EA%B0%95%EC%95%84%EC%A7%80-%EA%B8%89%EC%8B%9D-%EC%82%B0%EC%B1%85-%EC%95%8C%EB%B0%94-%EA%B5%AC%ED%95%B4%EC%9A%94-97kqc3ogu68z/?in=%EC%84%B1%EB%B6%81%EA%B5%AC-%EC%A2%85%EB%A1%9C%EA%B5%AC-12411,2025-02-17 15:33:38
성북구·종로구,강아지,강아지 산책,"이웃알바
·
용담2동
·
5시간 전","건당 1만원
·
총 2일 / 2월 19~20일
·
09:00~18:00 협의",이미지 없음,https://www.daangn.com/kr/jobs/%EA%B0%95%EC%95%84%EC%A7%80-%EC%82%B0%EC%B1%85-rks8j9qk7stj/?in=%EC%84%B1%EB%B6%81%EA%B5%AC-%EC%A2%85%EB%A1%9C%EA%B5%AC-12411,2025-02-17 15:33:38
성북구·종로구,강아지,주1회 50평대 청소(2시간),"이웃알바
·
하왕십리동
·
3시간 전","건당 5만원
·
월~금
·
09:00~18:00 협의",이미지 없음,https://www.daangn.com/kr/jobs/%EC%A3%BC1%ED%9A%8C-50%ED%8F%89%EB%8C%80-%EC%B2%AD%EC%86%8C-2%EC%8B%9C%EA%B0%84-njt76t1g5jsa/?in=%EC%84%B1%EB%B6%81%EA%B5%AC-%EC%A2%85%EB%A1%9C%EA%B5%AC-12411,2025-02-17 15:33:38
성북구·종로구,강아지,대형견 산책시켜주실분?,"이웃알바
·
정자동
·
4시간 전","건당 2만원
·
총 7일 / 오늘~2월 23일
·
09:00~18:00 협의",이미지 없음,https://www.daangn.com/kr/jobs/%EB%8C%80%ED%98%95%EA%B2%AC-%EC%82%B0%EC%B1%85%EC%8B%9C%EC%BC%9C%EC%A3%BC%EC%8B%A4%EB%B6%84-q7bfqesbh1m6/?in=%EC%84%B1%EB%B6%81%EA%B5%AC-%EC%A2%85%EB%A1%9C%EA%B5%AC-12411,2025-02-17 15:33:38
성북구·종로구,강아지,대형견 산책(1시간-리트리버),"이웃알바
·
단구동
·
4시간 전","건당 1만 5,000원
·
오늘
·
12:00~13:00",이미지 없음,https://www.daangn.com/kr/jobs/%EB%8C%80%ED%98%95%EA%B2%AC-%EC%82%B0%EC%B1%85-1%EC%8B%9C%EA%B0%84-%EB%A6%AC%ED%8A%B8%EB%A6%AC%EB%B2%84-e6t7vv95masu/?in=%EC%84%B1%EB%B6%81%EA%B5%AC-%EC%A2%85%EB%A1%9C%EA%B5%AC-12411,2025-02-17 15:33:38
성북구·종로구,강아지,주2회 월 금 4시간 가사도우미-동대문구,"이웃알바
·
장안동
·
4시간 전","건당 5만원
·
월, 금
·
14:00~18:00",이미지 없음,https://www.daangn.com/kr/jobs/%EC%A3%BC2%ED%9A%8C-%EC%9B%94-%EA%B8%88-4%EC%8B%9C%EA%B0%84-%EA%B0%80%EC%82%AC%EB%8F%84%EC%9A%B0%EB%AF%B8-%EB%8F%99%EB%8C%80%EB%AC%B8%EA%B5%AC-1osyy1mfqvgo/?in=%EC%84%B1%EB%B6%81%EA%B5%AC-%EC%A2%85%EB%A1%9C%EA%B5%AC-12411,2025-02-17 15:33:38
성북구·종로구,강아지,가정집 청소해주실 분 구합니다,"이웃알바
·
원곡동
·
5시간 전","시급 1만 3,000원
·
총 7일 / 오늘~2월 23일
·
09:00~18:00 협의",이미지 없음,https://www.daangn.com/kr/jobs/%EA%B0%80%EC%A0%95%EC%A7%91-%EC%B2%AD%EC%86%8C%ED%95%B4%EC%A3%BC%EC%8B%A4-%EB%B6%84-%EA%B5%AC%ED%95%A9%EB%8B%88%EB%8B%A4-fz1ws7y177n7/?in=%EC%84%B1%EB%B6%81%EA%B5%AC-%EC%A2%85%EB%A1%9C%EA%B5%AC-12411,2025-02-17 15:33:38
성북구·종로구,강아지,2시부터7시 월 금 집안일과 아이케어해주실분 모십니다,"이웃알바
·
문정동
·
5시간 전","건당 1만 4,000원
·
월, 금
·
09:00~18:00 협의",이미지 없음,https://www.daangn.com/kr/jobs/2%EC%8B%9C%EB%B6%80%ED%84%B07%EC%8B%9C-%EC%9B%94-%EA%B8%88-%EC%A7%91%EC%95%88%EC%9D%BC%EA%B3%BC-%EC%95%84%EC%9D%B4%EC%BC%80%EC%96%B4%ED%95%B4%EC%A3%BC%EC%8B%A4%EB%B6%84-%EB%AA%A8%EC%8B%AD%EB%8B%88%EB%8B%A4-haooamqovwdf/?in=%EC%84%B1%EB%B6%81%EA%B5%AC-%EC%A2%85%EB%A1%9C%EA%B5%AC-12411,2025-02-17 15:33:38
성북구·종로구,강아지,평일 강아지 돌봄 구합니다,"이웃알바
·
다사읍
·
9시간 전","건당 1만 5,000원
·
월~금
·
09:00~18:00 협의",이미지 없음,https://www.daangn.com/kr/jobs/%ED%8F%89%EC%9D%BC-%EA%B0%95%EC%95%84%EC%A7%80-%EB%8F%8C%EB%B4%84-%EA%B5%AC%ED%95%A9%EB%8B%88%EB%8B%A4-9obvxy5enrw7/?in=%EC%84%B1%EB%B6%81%EA%B5%AC-%EC%A2%85%EB%A1%9C%EA%B5%AC-12411,2025-02-17 15:33:38
성북구·종로구,강아지,집 청소 해주실분 구합니다,"이웃알바
·
계양동
·
6시간 전","시급 1만 30원
·
오늘
·
17:00~22:00",이미지 없음,https://www.daangn.com/kr/jobs/%EC%A7%91-%EC%B2%AD%EC%86%8C-%ED%95%B4%EC%A3%BC%EC%8B%A4%EB%B6%84-%EA%B5%AC%ED%95%A9%EB%8B%88%EB%8B%A4-idpzbpiau662/?in=%EC%84%B1%EB%B6%81%EA%B5%AC-%EC%A2%85%EB%A1%9C%EA%B5%AC-12411,2025-02-17 15:33:38
성북구·종로구,강아지,강아지유치원 픽업기사 구인합니다,"멍플레이스
·
청라동
·
14시간 전","월급 80만원
·
월~금
·
09:00~18:00 협의",이미지 없음,https://www.daangn.com/kr/jobs/%EA%B0%95%EC%95%84%EC%A7%80%EC%9C%A0%EC%B9%98%EC%9B%90-%ED%94%BD%EC%97%85%EA%B8%B0%EC%82%AC-%EA%B5%AC%EC%9D%B8%ED%95%A9%EB%8B%88%EB%8B%A4-qao1pws1z7ja/?in=%EC%84%B1%EB%B6%81%EA%B5%AC-%EC%A2%85%EB%A1%9C%EA%B5%AC-12411,2025-02-17 15:33:38
성북구·종로구,강아지,강아지 비글(7살)배변산책,"이웃알바
·
파주읍
·
20시간 전","시급 1만 30원
·
월~금
·
09:00~18:00 협의",이미지 없음,https://www.daangn.com/kr/jobs/%EA%B0%95%EC%95%84%EC%A7%80-%EB%B9%84%EA%B8%80-7%EC%82%B4-%EB%B0%B0%EB%B3%80%EC%82%B0%EC%B1%85-emypj2i637kd/?in=%EC%84%B1%EB%B6%81%EA%B5%AC-%EC%A2%85%EB%A1%9C%EA%B5%AC-12411,2025-02-17 15:33:38
성북구·종로구,강아지,강아지 두마리 24일부터 4일동안 가정돌봄,"이웃알바
·
오포읍
·
21시간 전","월급 20만원
·
총 5일 / 2월 24~28일
·
09:00~18:00 협의",이미지 없음,https://www.daangn.com/kr/jobs/%EA%B0%95%EC%95%84%EC%A7%80-%EB%91%90%EB%A7%88%EB%A6%AC-24%EC%9D%BC%EB%B6%80%ED%84%B0-4%EC%9D%BC%EB%8F%99%EC%95%88-%EA%B0%80%EC%A0%95%EB%8F%8C%EB%B4%84-acv6oowtz68c/?in=%EC%84%B1%EB%B6%81%EA%B5%AC-%EC%A2%85%EB%A1%9C%EA%B5%AC-12411,2025-02-17 15:33:38
성북구·종로구,강아지,강아지 산책과 놀아주실 소중한 분을 모십니다!,"이웃알바
·
서생면
·
21시간 전","건당 5만원
·
총 7일 / 2월 16~22일
·
09:00~18:00 협의",이미지 없음,https://www.daangn.com/kr/jobs/%EA%B0%95%EC%95%84%EC%A7%80-%EC%82%B0%EC%B1%85%EA%B3%BC-%EB%86%80%EC%95%84%EC%A3%BC%EC%8B%A4-%EC%86%8C%EC%A4%91%ED%95%9C-%EB%B6%84%EC%9D%84-%EB%AA%A8%EC%8B%AD%EB%8B%88%EB%8B%A4-191zm62bagnc/?in=%EC%84%B1%EB%B6%81%EA%B5%AC-%EC%A2%85%EB%A1%9C%EA%B5%AC-12411,2025-02-17 15:33:38
성북구·종로구,강아지,강아지 안무서워 하시는 분 계실까요..ㅜ,"이웃알바
·
흑석동
·
22시간 전","시급 1만 1,000원
·
총 24일 / 2월 23일~3월 18일
·
09:00~18:00 협의",이미지 없음,https://www.daangn.com/kr/jobs/%EA%B0%95%EC%95%84%EC%A7%80-%EC%95%88%EB%AC%B4%EC%84%9C%EC%9B%8C-%ED%95%98%EC%8B%9C%EB%8A%94-%EB%B6%84-%EA%B3%84%EC%8B%A4%EA%B9%8C%EC%9A%94-xd9gtzxweopp/?in=%EC%84%B1%EB%B6%81%EA%B5%AC-%EC%A2%85%EB%A1%9C%EA%B5%AC-12411,2025-02-17 15:33:38
성북구·종로구,강아지,강아지산책+돌봄,"이웃알바
·
부평동
·
22시간 전","건당 5만원
·
월~금
·
09:00~18:00 협의",이미지 없음,https://www.daangn.com/kr/jobs/%EA%B0%95%EC%95%84%EC%A7%80%EC%82%B0%EC%B1%85-%EB%8F%8C%EB%B4%84-ghzp9hmfjtf3/?in=%EC%84%B1%EB%B6%81%EA%B5%AC-%EC%A2%85%EB%A1%9C%EA%B5%AC-12411,2025-02-17 15:33:38
성북구·종로구,강아지,강아지 돌봄,"이웃알바
·
우만동
·
22시간 전","시급 1만 30원
·
총 3일 / 2월 21~23일
·
09:00~18:00 협의",이미지 없음,https://www.daangn.com/kr/jobs/%EA%B0%95%EC%95%84%EC%A7%80-%EB%8F%8C%EB%B4%84-k2iiy2yymzyx/?in=%EC%84%B1%EB%B6%81%EA%B5%AC-%EC%A2%85%EB%A1%9C%EA%B5%AC-12411,2025-02-17 15:33:38
성북구·종로구,강아지,강아지 산책시터,"이웃알바
·
석전동
·
24시간 전","시급 1만 5,000원
·
월, 수, 금
·
12:00~14:30",이미지 없음,https://www.daangn.com/kr/jobs/%EA%B0%95%EC%95%84%EC%A7%80-%EC%82%B0%EC%B1%85%EC%8B%9C%ED%84%B0-9hjigouhwap8/?in=%EC%84%B1%EB%B6%81%EA%B5%AC-%EC%A2%85%EB%A1%9C%EA%B5%AC-12411,2025-02-17 15:33:38
성북구·종로구,강아지,평택역 애견샵 오전 2시간 강아지케어 및 청소 알바,"드림독안심분양센터 평택점
·
평택동
·
1일 전","시급 1만 1,500원
·
월, 화, 수, 목, 토, 일
·
10:00~12:00",이미지 없음,https://www.daangn.com/kr/jobs/%ED%8F%89%ED%83%9D%EC%97%AD-%EC%95%A0%EA%B2%AC%EC%83%B5-%EC%98%A4%EC%A0%84-2%EC%8B%9C%EA%B0%84-%EA%B0%95%EC%95%84%EC%A7%80%EC%BC%80%EC%96%B4-%EB%B0%8F-%EC%B2%AD%EC%86%8C-%EC%95%8C%EB%B0%94-3cukqwjy4vwg/?in=%EC%84%B1%EB%B6%81%EA%B5%AC-%EC%A2%85%EB%A1%9C%EA%B5%AC-12411,2025-02-17 15:33:38
성북구·종로구,강아지,강아지 미용사 모집,"싸다구 펫
·
연수동
·
1일 전","일급 5만원
·
월~일
·
10:00~22:00 협의",이미지 없음,https://www.daangn.com/kr/jobs/%EA%B0%95%EC%95%84%EC%A7%80-%EB%AF%B8%EC%9A%A9%EC%82%AC-%EB%AA%A8%EC%A7%91-4um2qybra13n/?in=%EC%84%B1%EB%B6%81%EA%B5%AC-%EC%A2%85%EB%A1%9C%EA%B5%AC-12411,2025-02-17 15:33:38
성북구·종로구,강아지,강아지돌봄알바,"이웃알바
·
도마동
·
1일 전","건당 5만원
·
총 2일 / 2월 26~28일 중
·
09:00~18:00 협의",이미지 없음,https://www.daangn.com/kr/jobs/%EA%B0%95%EC%95%84%EC%A7%80%EB%8F%8C%EB%B4%84%EC%95%8C%EB%B0%94-hqajnjocxwic/?in=%EC%84%B1%EB%B6%81%EA%B5%AC-%EC%A2%85%EB%A1%9C%EA%B5%AC-12411,2025-02-17 15:33:38
성북구·종로구,강아지,11개월 아기랑 월요일 2시간씩 놀아주실 분 찾아요,"이웃알바
·
연산동
·
17시간 전","시급 1만 1,000원
·
월
·
09:00~18:00 협의",이미지 없음,https://www.daangn.com/kr/jobs/11%EA%B0%9C%EC%9B%94-%EC%95%84%EA%B8%B0%EB%9E%91-%EC%9B%94%EC%9A%94%EC%9D%BC-2%EC%8B%9C%EA%B0%84%EC%94%A9-%EB%86%80%EC%95%84%EC%A3%BC%EC%8B%A4-%EB%B6%84-%EC%B0%BE%EC%95%84%EC%9A%94-k4vu5grw9u25/?in=%EC%84%B1%EB%B6%81%EA%B5%AC-%EC%A2%85%EB%A1%9C%EA%B5%AC-12411,2025-02-17 15:33:38
성북구·종로구,강아지,애견샵 매장 청소 및 정리정돈,"솔직하개정직하개
·
방학동
·
19시간 전","시급 1만 5,000원
·
월, 화, 수, 금, 토, 일
·
09:00~13:00",이미지 없음,https://www.daangn.com/kr/jobs/%EC%95%A0%EA%B2%AC%EC%83%B5-%EB%A7%A4%EC%9E%A5-%EC%B2%AD%EC%86%8C-%EB%B0%8F-%EC%A0%95%EB%A6%AC%EC%A0%95%EB%8F%88-k87j4hh261i9/?in=%EC%84%B1%EB%B6%81%EA%B5%AC-%EC%A2%85%EB%A1%9C%EA%B5%AC-12411,2025-02-17 15:33:38
성북구·종로구,강아지,베이비시터 구합니다 외국인 가능,"이웃알바
·
주덕읍
·
21시간 전","시급 1만 1,000원
·
월~일
·
09:00~18:00 협의",이미지 없음,https://www.daangn.com/kr/jobs/%EB%B2%A0%EC%9D%B4%EB%B9%84%EC%8B%9C%ED%84%B0-%EA%B5%AC%ED%95%A9%EB%8B%88%EB%8B%A4-%EC%99%B8%EA%B5%AD%EC%9D%B8-%EA%B0%80%EB%8A%A5-akbyjt62mic3/?in=%EC%84%B1%EB%B6%81%EA%B5%AC-%EC%A2%85%EB%A1%9C%EA%B5%AC-12411,2025-02-17 15:33:38
성북구·종로구,강아지,6개월 여자아이 돌봄 원해요,"이웃알바
·
조남동
·
21시간 전","시급 1만 2,300원
·
토
·
09:00~18:00 협의",이미지 없음,https://www.daangn.com/kr/jobs/6%EA%B0%9C%EC%9B%94-%EC%97%AC%EC%9E%90%EC%95%84%EC%9D%B4-%EB%8F%8C%EB%B4%84-%EC%9B%90%ED%95%B4%EC%9A%94-mqrxxvkuysrj/?in=%EC%84%B1%EB%B6%81%EA%B5%AC-%EC%A2%85%EB%A1%9C%EA%B5%AC-12411,2025-02-17 15:33:38
성북구·종로구,강아지,가사도우미 구합니다,"이웃알바
·
상동
·
22시간 전","건당 5만원
·
2월 26일
·
09:00~12:00",이미지 없음,https://www.daangn.com/kr/jobs/%EA%B0%80%EC%82%AC%EB%8F%84%EC%9A%B0%EB%AF%B8-%EA%B5%AC%ED%95%A9%EB%8B%88%EB%8B%A4-wjorh8mgptrr/?in=%EC%84%B1%EB%B6%81%EA%B5%AC-%EC%A2%85%EB%A1%9C%EA%B5%AC-12411,2025-02-17 15:33:38
성북구·종로구,강아지,호텔델루멍 픽드랍 기사님 모셔요,"호텔델루멍
·
팽성읍
·
22시간 전","시급 1만 1,000원
·
월, 수, 금
·
08:00~10:00",이미지 없음,https://www.daangn.com/kr/jobs/%ED%98%B8%ED%85%94%EB%8D%B8%EB%A3%A8%EB%A9%8D-%ED%94%BD%EB%93%9C%EB%9E%8D-%EA%B8%B0%EC%82%AC%EB%8B%98-%EB%AA%A8%EC%85%94%EC%9A%94-zhg5g188eynr/?in=%EC%84%B1%EB%B6%81%EA%B5%AC-%EC%A2%85%EB%A1%9C%EA%B5%AC-12411,2025-02-17 15:33:38
성북구·종로구,강아지,반려동물(강아지) 산책 해주실분 구합니다~,"이웃알바
·
중동
·
2일 전","시급 1만 1,000원
·
월~금
·
09:00~18:00 협의",이미지 없음,https://www.daangn.com/kr/jobs/%EB%B0%98%EB%A0%A4%EB%8F%99%EB%AC%BC-%EA%B0%95%EC%95%84%EC%A7%80-%EC%82%B0%EC%B1%85-%ED%95%B4%EC%A3%BC%EC%8B%A4%EB%B6%84-%EA%B5%AC%ED%95%A9%EB%8B%88%EB%8B%A4-x9a9zfziwnvx/?in=%EC%84%B1%EB%B6%81%EA%B5%AC-%EC%A2%85%EB%A1%9C%EA%B5%AC-12411,2025-02-17 15:33:38
성북구·종로구,강아지,오전에 강아지 고양이 케어해주실분 구합니다,"버디독 강서점
·
화곡동
·
2일 전","월급 25만원
·
금~일
·
10:00~12:00",이미지 없음,https://www.daangn.com/kr/jobs/%EC%98%A4%EC%A0%84%EC%97%90-%EA%B0%95%EC%95%84%EC%A7%80-%EA%B3%A0%EC%96%91%EC%9D%B4-%EC%BC%80%EC%96%B4%ED%95%B4%EC%A3%BC%EC%8B%A4%EB%B6%84-%EA%B5%AC%ED%95%A9%EB%8B%88%EB%8B%A4-ya1523ote8qd/?in=%EC%84%B1%EB%B6%81%EA%B5%AC-%EC%A2%85%EB%A1%9C%EA%B5%AC-12411,2025-02-17 15:33:38
성북구·종로구,강아지,강아지돌봄 펫시터,"이웃알바
·
다산동
·
2일 전","건당 2만원
·
수
·
09:00~18:00 협의",이미지 없음,https://www.daangn.com/kr/jobs/%EA%B0%95%EC%95%84%EC%A7%80%EB%8F%8C%EB%B4%84-%ED%8E%AB%EC%8B%9C%ED%84%B0-5d3tzpxt1xjk/?in=%EC%84%B1%EB%B6%81%EA%B5%AC-%EC%A2%85%EB%A1%9C%EA%B5%AC-12411,2025-02-17 15:33:38
성북구·종로구,강아지,대형견 애견호텔 풀타임 직원 구인,"댄싱도그
·
신둔면
·
1일 전","월급 235만원
·
월, 목, 금, 토, 일
·
08:00~18:00 협의",이미지 없음,https://www.daangn.com/kr/jobs/%EB%8C%80%ED%98%95%EA%B2%AC-%EC%95%A0%EA%B2%AC%ED%98%B8%ED%85%94-%ED%92%80%ED%83%80%EC%9E%84-%EC%A7%81%EC%9B%90-%EA%B5%AC%EC%9D%B8-9ogownjtiyyy/?in=%EC%84%B1%EB%B6%81%EA%B5%AC-%EC%A2%85%EB%A1%9C%EA%B5%AC-12411,2025-02-17 15:33:38
성북구·종로구,강아지,애견카페 알바구합니다,"피터펫안산점
·
본오동
·
1일 전","시급 1만 30원
·
월~화
·
09:00~15:30",이미지 없음,https://www.daangn.com/kr/jobs/%EC%95%A0%EA%B2%AC%EC%B9%B4%ED%8E%98-%EC%95%8C%EB%B0%94%EA%B5%AC%ED%95%A9%EB%8B%88%EB%8B%A4-8iwi4zs4w78h/?in=%EC%84%B1%EB%B6%81%EA%B5%AC-%EC%A2%85%EB%A1%9C%EA%B5%AC-12411,2025-02-17 15:33:38
성북구·종로구,강아지,강아지 미용사 모집,"싸다구 펫
·
연수동
·
2일 전","일급 5만원
·
월~일
·
10:00~22:00 협의",이미지 없음,https://www.daangn.com/kr/jobs/%EA%B0%95%EC%95%84%EC%A7%80-%EB%AF%B8%EC%9A%A9%EC%82%AC-%EB%AA%A8%EC%A7%91-dcqxv2kj13q4/?in=%EC%84%B1%EB%B6%81%EA%B5%AC-%EC%A2%85%EB%A1%9C%EA%B5%AC-12411,2025-02-17 15:33:38
성북구·종로구,강아지,강아지 돌봄,"이웃알바
·
개봉동
·
2일 전","건당 1만 1,000원
·
월~금
·
09:00~18:00 협의",이미지 없음,https://www.daangn.com/kr/jobs/%EA%B0%95%EC%95%84%EC%A7%80-%EB%8F%8C%EB%B4%84-1gyu1j1keewy/?in=%EC%84%B1%EB%B6%81%EA%B5%AC-%EC%A2%85%EB%A1%9C%EA%B5%AC-12411,2025-02-17 15:33:39
성북구·종로구,강아지,21일 저녁 ~24일 오후 강아지봐주실분,"이웃알바
·
화곡동
·
2일 전","건당 8만원
·
총 4일 / 2월 21~24일
·
09:00~18:00 협의",이미지 없음,https://www.daangn.com/kr/jobs/21%EC%9D%BC-%EC%A0%80%EB%85%81-24%EC%9D%BC-%EC%98%A4%ED%9B%84-%EA%B0%95%EC%95%84%EC%A7%80%EB%B4%90%EC%A3%BC%EC%8B%A4%EB%B6%84-4rfju19qa61x/?in=%EC%84%B1%EB%B6%81%EA%B5%AC-%EC%A2%85%EB%A1%9C%EA%B5%AC-12411,2025-02-17 15:33:39
성북구·종로구,강아지,2월21일 강아지 돌봐주실 분 구해요.(am8-pm1),"이웃알바
·
일산동
·
2일 전","건당 2만원
·
2월 21일
·
08:00~13:00",이미지 없음,https://www.daangn.com/kr/jobs/2%EC%9B%9421%EC%9D%BC-%EA%B0%95%EC%95%84%EC%A7%80-%EB%8F%8C%EB%B4%90%EC%A3%BC%EC%8B%A4-%EB%B6%84-%EA%B5%AC%ED%95%B4%EC%9A%94-am8-pm1-t85w5nd7pwwc/?in=%EC%84%B1%EB%B6%81%EA%B5%AC-%EC%A2%85%EB%A1%9C%EA%B5%AC-12411,2025-02-17 15:33:39
성북구·종로구,강아지,[단기/급] 수원 메쎄 케이펫페어 판촉알바 금토일,"딩독
·
서둔동
·
1일 전","일급 9만원
·
총 3일 / 2월 21~23일
·
09:30~18:00",이미지 없음,https://www.daangn.com/kr/jobs/%EB%8B%A8%EA%B8%B0-%EA%B8%89-%EC%88%98%EC%9B%90-%EB%A9%94%EC%8E%84-%EC%BC%80%EC%9D%B4%ED%8E%AB%ED%8E%98%EC%96%B4-%ED%8C%90%EC%B4%89%EC%95%8C%EB%B0%94-%EA%B8%88%ED%86%A0%EC%9D%BC-2i862zm7zs2z/?in=%EC%84%B1%EB%B6%81%EA%B5%AC-%EC%A2%85%EB%A1%9C%EA%B5%AC-12411,2025-02-17 15:33:39
성북구·종로구,강아지,주말 강아지 선생님 구인,"이웃알바
·
불당동
·
2일 전","시급 1만 30원
·
토~일
·
08:00~15:00",이미지 없음,https://www.daangn.com/kr/jobs/%EC%A3%BC%EB%A7%90-%EA%B0%95%EC%95%84%EC%A7%80-%EC%84%A0%EC%83%9D%EB%8B%98-%EA%B5%AC%EC%9D%B8-idnsdw4n93ng/?in=%EC%84%B1%EB%B6%81%EA%B5%AC-%EC%A2%85%EB%A1%9C%EA%B5%AC-12411,2025-02-17 15:33:39
성북구·종로구,강아지,집안일 도와주실 분 구해요,"이웃알바
·
단성면
·
1일 전","건당 1만 5,000원
·
월~일
·
15:00~19:00",이미지 없음,https://www.daangn.com/kr/jobs/%EC%A7%91%EC%95%88%EC%9D%BC-%EB%8F%84%EC%99%80%EC%A3%BC%EC%8B%A4-%EB%B6%84-%EA%B5%AC%ED%95%B4%EC%9A%94-orpgfzbrecs4/?in=%EC%84%B1%EB%B6%81%EA%B5%AC-%EC%A2%85%EB%A1%9C%EA%B5%AC-12411,2025-02-17 15:33:39
성북구·종로구,강아지,봇들1단지 거주주민중 강아지 케어 해주실 분 찾아요,"이웃알바
·
삼평동
·
2일 전","건당 1만원
·
월~금
·
14:00~18:00",이미지 없음,https://www.daangn.com/kr/jobs/%EB%B4%87%EB%93%A41%EB%8B%A8%EC%A7%80-%EA%B1%B0%EC%A3%BC%EC%A3%BC%EB%AF%BC%EC%A4%91-%EA%B0%95%EC%95%84%EC%A7%80-%EC%BC%80%EC%96%B4-%ED%95%B4%EC%A3%BC%EC%8B%A4-%EB%B6%84-%EC%B0%BE%EC%95%84%EC%9A%94-h7n44xcup1b1/?in=%EC%84%B1%EB%B6%81%EA%B5%AC-%EC%A2%85%EB%A1%9C%EA%B5%AC-12411,2025-02-17 15:33:39
성북구·종로구,강아지,호텔프론트 및 청소,"힐스노클비치호텔
·
근덕면
·
1일 전","월급 250만원
·
월, 화, 목, 금, 토, 일
·
10:00~20:00",이미지 없음,https://www.daangn.com/kr/jobs/%ED%98%B8%ED%85%94%ED%94%84%EB%A1%A0%ED%8A%B8-%EB%B0%8F-%EC%B2%AD%EC%86%8C-wc7phoam5ijk/?in=%EC%84%B1%EB%B6%81%EA%B5%AC-%EC%A2%85%EB%A1%9C%EA%B5%AC-12411,2025-02-17 15:33:39
성북구·종로구,강아지,애견유치원/호텔 매장관리,"도기야드
·
동천동
·
1일 전","시급 1만 30원
·
월~금
·
08:00~20:00",이미지 없음,https://www.daangn.com/kr/jobs/%EC%95%A0%EA%B2%AC%EC%9C%A0%EC%B9%98%EC%9B%90-%ED%98%B8%ED%85%94-%EB%A7%A4%EC%9E%A5%EA%B4%80%EB%A6%AC-66nedgkmrc5x/?in=%EC%84%B1%EB%B6%81%EA%B5%AC-%EC%A2%85%EB%A1%9C%EA%B5%AC-12411,2025-02-17 15:33:39
성북구·종로구,강아지,급구)단기 냉동 식품공장 알바구합니다.,"(주)룰루펫푸드
·
팔탄면
·
1일 전","시급 1만 30원
·
월~금
·
10:00~18:00 협의",이미지 없음,https://www.daangn.com/kr/jobs/%EA%B8%89%EA%B5%AC-%EB%8B%A8%EA%B8%B0-%EB%83%89%EB%8F%99-%EC%8B%9D%ED%92%88%EA%B3%B5%EC%9E%A5-%EC%95%8C%EB%B0%94%EA%B5%AC%ED%95%A9%EB%8B%88%EB%8B%A4-iw1ehopfs1ct/?in=%EC%84%B1%EB%B6%81%EA%B5%AC-%EC%A2%85%EB%A1%9C%EA%B5%AC-12411,2025-02-17 15:33:39
성북구·종로구,강아지,25개월 여아 하원도우미 선생님 구합니다,"이웃알바
·
등촌동
·
2일 전","건당 1만 5,000원
·
2월 28일
·
09:00~18:00 협의",이미지 없음,https://www.daangn.com/kr/jobs/25%EA%B0%9C%EC%9B%94-%EC%97%AC%EC%95%84-%ED%95%98%EC%9B%90%EB%8F%84%EC%9A%B0%EB%AF%B8-%EC%84%A0%EC%83%9D%EB%8B%98-%EA%B5%AC%ED%95%A9%EB%8B%88%EB%8B%A4-8d94m1skrqkq/?in=%EC%84%B1%EB%B6%81%EA%B5%AC-%EC%A2%85%EB%A1%9C%EA%B5%AC-12411,2025-02-17 15:33:39
성북구·종로구,강아지,우리 강아지 밤마다 기절시킬 프로 산책러 괌.,"이웃알바
·
중동
·
3일 전","건당 1만원
·
월~금
·
09:00~18:00 협의",이미지 없음,https://www.daangn.com/kr/jobs/%EC%9A%B0%EB%A6%AC-%EA%B0%95%EC%95%84%EC%A7%80-%EB%B0%A4%EB%A7%88%EB%8B%A4-%EA%B8%B0%EC%A0%88%EC%8B%9C%ED%82%AC-%ED%94%84%EB%A1%9C-%EC%82%B0%EC%B1%85%EB%9F%AC-%EA%B4%8C-wbeddndi1i1v/?in=%EC%84%B1%EB%B6%81%EA%B5%AC-%EC%A2%85%EB%A1%9C%EA%B5%AC-12411,2025-02-17 15:33:39
성북구·종로구,강아지,강아지를부탁해 파트타임 직원구합니다,"강아지를부탁해
·
송현동
·
3일 전","시급 1만 30원
·
화~일
·
09:00~01:00 협의",이미지 없음,https://www.daangn.com/kr/jobs/%EA%B0%95%EC%95%84%EC%A7%80%EB%A5%BC%EB%B6%80%ED%83%81%ED%95%B4-%ED%8C%8C%ED%8A%B8%ED%83%80%EC%9E%84-%EC%A7%81%EC%9B%90%EA%B5%AC%ED%95%A9%EB%8B%88%EB%8B%A4-1hhpy8v81ff2/?in=%EC%84%B1%EB%B6%81%EA%B5%AC-%EC%A2%85%EB%A1%9C%EA%B5%AC-12411,2025-02-17 15:33:39
성북구·종로구,강아지,강아지 5일동안 돌봐주실분 구해요,"이웃알바
·
신림동
·
3일 전","건당 15만원
·
총 6일 / 3월 1~6일
·
09:00~18:00 협의",이미지 없음,https://www.daangn.com/kr/jobs/%EA%B0%95%EC%95%84%EC%A7%80-5%EC%9D%BC%EB%8F%99%EC%95%88-%EB%8F%8C%EB%B4%90%EC%A3%BC%EC%8B%A4%EB%B6%84-%EA%B5%AC%ED%95%B4%EC%9A%94-9syntmpm25bj/?in=%EC%84%B1%EB%B6%81%EA%B5%AC-%EC%A2%85%EB%A1%9C%EA%B5%AC-12411,2025-02-17 15:33:39
성북구·종로구,강아지,강아지 산책,"이웃알바
·
공단동
·
3일 전","건당 1만원
·
월~금
·
09:00~18:00 협의",이미지 없음,https://www.daangn.com/kr/jobs/%EA%B0%95%EC%95%84%EC%A7%80-%EC%82%B0%EC%B1%85-ht4g7f78gefg/?in=%EC%84%B1%EB%B6%81%EA%B5%AC-%EC%A2%85%EB%A1%9C%EA%B5%AC-12411,2025-02-17 15:33:39
성북구·종로구,고양이,고양이 시터 구합니다,"이웃알바
·
용암동
·
1시간 전","건당 3만원
·
총 7일 / 오늘~2월 23일
·
09:00~18:00 협의",이미지 없음,https://www.daangn.com/kr/jobs/%EA%B3%A0%EC%96%91%EC%9D%B4-%EC%8B%9C%ED%84%B0-%EA%B5%AC%ED%95%A9%EB%8B%88%EB%8B%A4-jt3yvijqprkv/?in=%EC%84%B1%EB%B6%81%EA%B5%AC-%EC%A2%85%EB%A1%9C%EA%B5%AC-12411,2025-02-17 15:33:40
성북구·종로구,고양이,고양이 케이지에 넣는거 도와주실 분,"이웃알바
·
연남동
·
4분 전","건당 1만원
·
내일
·
09:00~18:00 협의",이미지 없음,https://www.daangn.com/kr/jobs/%EA%B3%A0%EC%96%91%EC%9D%B4-%EC%BC%80%EC%9D%B4%EC%A7%80%EC%97%90-%EB%84%A3%EB%8A%94%EA%B1%B0-%EB%8F%84%EC%99%80%EC%A3%BC%EC%8B%A4-%EB%B6%84-1ecj799ar4y3/?in=%EC%84%B1%EB%B6%81%EA%B5%AC-%EC%A2%85%EB%A1%9C%EA%B5%AC-12411,2025-02-17 15:33:40
성북구·종로구,고양이,"고양이 잠깐 맡아주실 분(전민동 삼성푸른, 세종아파트)","이웃알바
·
전민동
·
2시간 전","건당 1만원
·
3월 19일
·
09:00~18:00 협의",https://img.kr.gcp-karroter.net/jobs/article/1220450/1739765635242/1027743708.jpeg?q=95&s=1440x1440&t=inside,https://www.daangn.com/kr/jobs/%EA%B3%A0%EC%96%91%EC%9D%B4-%EC%9E%A0%EA%B9%90-%EB%A7%A1%EC%95%84%EC%A3%BC%EC%8B%A4-%EB%B6%84-%EC%A0%84%EB%AF%BC%EB%8F%99-%EC%82%BC%EC%84%B1%ED%91%B8%EB%A5%B8-%EC%84%B8%EC%A2%85%EC%95%84%ED%8C%8C%ED%8A%B8-2k9kmfzkg99s/?in=%EC%84%B1%EB%B6%81%EA%B5%AC-%EC%A2%85%EB%A1%9C%EA%B5%AC-12411,2025-02-17 15:33:40
성북구·종로구,고양이,이삿짐 싸는거 도와주실분 오전두시간,"이웃알바
·
강정동
·
2시간 전","건당 2만 5,000원
·
내일
·
09:00~18:00 협의",https://img.kr.gcp-karroter.net/jobs/article/22594025/1739765614877/3834564733.jpeg?q=95&s=1440x1440&t=inside,https://www.daangn.com/kr/jobs/%EC%9D%B4%EC%82%BF%EC%A7%90-%EC%8B%B8%EB%8A%94%EA%B1%B0-%EB%8F%84%EC%99%80%EC%A3%BC%EC%8B%A4%EB%B6%84-%EC%98%A4%EC%A0%84%EB%91%90%EC%8B%9C%EA%B0%84-e12b7ubqb3ub/?in=%EC%84%B1%EB%B6%81%EA%B5%AC-%EC%A2%85%EB%A1%9C%EA%B5%AC-12411,2025-02-17 15:33:40
성북구·종로구,고양이,집 청소 해주실분 찾아요,"이웃알바
·
세류동
·
3시간 전","건당 7만원
·
오늘
·
09:00~18:00 협의",이미지 없음,https://www.daangn.com/kr/jobs/%EC%A7%91-%EC%B2%AD%EC%86%8C-%ED%95%B4%EC%A3%BC%EC%8B%A4%EB%B6%84-%EC%B0%BE%EC%95%84%EC%9A%94-zzui3g1n7n24/?in=%EC%84%B1%EB%B6%81%EA%B5%AC-%EC%A2%85%EB%A1%9C%EA%B5%AC-12411,2025-02-17 15:33:40
성북구·종로구,고양이,7세 여아 등원 도움 주실 분 모십니다 :),"이웃알바
·
노량진동
·
5시간 전","건당 1만 3,000원
·
월~금
·
08:00~09:00",이미지 없음,https://www.daangn.com/kr/jobs/7%EC%84%B8-%EC%97%AC%EC%95%84-%EB%93%B1%EC%9B%90-%EB%8F%84%EC%9B%80-%EC%A3%BC%EC%8B%A4-%EB%B6%84-%EB%AA%A8%EC%8B%AD%EB%8B%88%EB%8B%A4-hd7aqrhxcjnc/?in=%EC%84%B1%EB%B6%81%EA%B5%AC-%EC%A2%85%EB%A1%9C%EA%B5%AC-12411,2025-02-17 15:33:40
성북구·종로구,고양이,무마취고양이미용 멜로우캣살롱에서 보조선생님을 모집합니다,"멜로우캣살롱
·
좌동
·
1일 전","건당 1만 2,000원
·
월~일
·
10:00~16:30 협의",이미지 없음,https://www.daangn.com/kr/jobs/%EB%AC%B4%EB%A7%88%EC%B7%A8%EA%B3%A0%EC%96%91%EC%9D%B4%EB%AF%B8%EC%9A%A9-%EB%A9%9C%EB%A1%9C%EC%9A%B0%EC%BA%A3%EC%82%B4%EB%A1%B1%EC%97%90%EC%84%9C-%EB%B3%B4%EC%A1%B0%EC%84%A0%EC%83%9D%EB%8B%98%EC%9D%84-%EB%AA%A8%EC%A7%91%ED%95%A9%EB%8B%88%EB%8B%A4-mtcb2rx4x5bn/?in=%EC%84%B1%EB%B6%81%EA%B5%AC-%EC%A2%85%EB%A1%9C%EA%B5%AC-12411,2025-02-17 15:33:40
성북구·종로구,고양이,브랜드 Glossy 물류/생산보조 파트타이머 구인공고,"시선(SEE-SUN)
·
독산동
·
18시간 전","시급 1만 1,000원
·
월~금
·
13:00~18:30",이미지 없음,https://www.daangn.com/kr/jobs/%EB%B8%8C%EB%9E%9C%EB%93%9C-glossy-%EB%AC%BC%EB%A5%98-%EC%83%9D%EC%82%B0%EB%B3%B4%EC%A1%B0-%ED%8C%8C%ED%8A%B8%ED%83%80%EC%9D%B4%EB%A8%B8-%EA%B5%AC%EC%9D%B8%EA%B3%B5%EA%B3%A0-hj89s1n5otfa/?in=%EC%84%B1%EB%B6%81%EA%B5%AC-%EC%A2%85%EB%A1%9C%EA%B5%AC-12411,2025-02-17 15:33:40
성북구·종로구,고양이,[단기] 브랜드 Glossy 물류 파트타이머 구인공고,"시선(SEE-SUN)
·
독산동
·
18시간 전","시급 1만 1,000원
·
총 5일 / 오늘~2월 21일
·
13:00~18:30",이미지 없음,https://www.daangn.com/kr/jobs/%EB%8B%A8%EA%B8%B0-%EB%B8%8C%EB%9E%9C%EB%93%9C-glossy-%EB%AC%BC%EB%A5%98-%ED%8C%8C%ED%8A%B8%ED%83%80%EC%9D%B4%EB%A8%B8-%EA%B5%AC%EC%9D%B8%EA%B3%B5%EA%B3%A0-2jgxcv5xr87k/?in=%EC%84%B1%EB%B6%81%EA%B5%AC-%EC%A2%85%EB%A1%9C%EA%B5%AC-12411,2025-02-17 15:33:40
성북구·종로구,고양이,"주5일, 20개월 여아 하원 도우미","이웃알바
·
정자동
·
21시간 전","시급 1만 3,000원
·
월~금
·
16:00~20:30",이미지 없음,https://www.daangn.com/kr/jobs/%EC%A3%BC5%EC%9D%BC-20%EA%B0%9C%EC%9B%94-%EC%97%AC%EC%95%84-%ED%95%98%EC%9B%90-%EB%8F%84%EC%9A%B0%EB%AF%B8-kwmiv8jhrsbs/?in=%EC%84%B1%EB%B6%81%EA%B5%AC-%EC%A2%85%EB%A1%9C%EA%B5%AC-12411,2025-02-17 15:33:40
성북구·종로구,고양이,순한 고양이 3마리 돌봄알바 하실분,"이웃알바
·
내당동
·
1일 전","건당 1만원
·
화, 금, 일
·
09:00~18:00 협의",이미지 없음,https://www.daangn.com/kr/jobs/%EC%88%9C%ED%95%9C-%EA%B3%A0%EC%96%91%EC%9D%B4-3%EB%A7%88%EB%A6%AC-%EB%8F%8C%EB%B4%84%EC%95%8C%EB%B0%94-%ED%95%98%EC%8B%A4%EB%B6%84-ko66mnf8ojf9/?in=%EC%84%B1%EB%B6%81%EA%B5%AC-%EC%A2%85%EB%A1%9C%EA%B5%AC-12411,2025-02-17 15:33:41
성북구·종로구,고양이,고양이 사랑으로 돌봄 가능하신분 구합니다,"이웃알바
·
당하동
·
1일 전","건당 30만원
·
월~일
·
09:00~18:00 협의",이미지 없음,https://www.daangn.com/kr/jobs/%EA%B3%A0%EC%96%91%EC%9D%B4-%EC%82%AC%EB%9E%91%EC%9C%BC%EB%A1%9C-%EB%8F%8C%EB%B4%84-%EA%B0%80%EB%8A%A5%ED%95%98%EC%8B%A0%EB%B6%84-%EA%B5%AC%ED%95%A9%EB%8B%88%EB%8B%A4-iw89twrow261/?in=%EC%84%B1%EB%B6%81%EA%B5%AC-%EC%A2%85%EB%A1%9C%EA%B5%AC-12411,2025-02-17 15:33:41
성북구·종로구,고양이,오프라인 매장 관리 판매 파트타임 모집,"무릎냥이 동동이네
·
진영읍
·
1일 전","시급 1만 30원
·
월~토
·
10:00~13:00",이미지 없음,https://www.daangn.com/kr/jobs/%EC%98%A4%ED%94%84%EB%9D%BC%EC%9D%B8-%EB%A7%A4%EC%9E%A5-%EA%B4%80%EB%A6%AC-%ED%8C%90%EB%A7%A4-%ED%8C%8C%ED%8A%B8%ED%83%80%EC%9E%84-%EB%AA%A8%EC%A7%91-onwivdbt1zdz/?in=%EC%84%B1%EB%B6%81%EA%B5%AC-%EC%A2%85%EB%A1%9C%EA%B5%AC-12411,2025-02-17 15:33:41
성북구·종로구,고양이,"주5일, 20개월 여아 하원도우미 구합니다.","이웃알바
·
정자동
·
1일 전","시급 1만 3,000원
·
월~금
·
16:00~20:30",이미지 없음,https://www.daangn.com/kr/jobs/%EC%A3%BC5%EC%9D%BC-20%EA%B0%9C%EC%9B%94-%EC%97%AC%EC%95%84-%ED%95%98%EC%9B%90%EB%8F%84%EC%9A%B0%EB%AF%B8-%EA%B5%AC%ED%95%A9%EB%8B%88%EB%8B%A4-bg6ems95j9ko/?in=%EC%84%B1%EB%B6%81%EA%B5%AC-%EC%A2%85%EB%A1%9C%EA%B5%AC-12411,2025-02-17 15:33:41
성북구·종로구,고양이,주얼리 포장/ 각인 알바 월화 추가 채용해요,"주식회사 카와이
·
번동
·
2일 전","시급 1만 30원
·
월~화
·
12:00~16:00 협의",이미지 없음,https://www.daangn.com/kr/jobs/%EC%A3%BC%EC%96%BC%EB%A6%AC-%ED%8F%AC%EC%9E%A5-%EA%B0%81%EC%9D%B8-%EC%95%8C%EB%B0%94-%EC%9B%94%ED%99%94-%EC%B6%94%EA%B0%80-%EC%B1%84%EC%9A%A9%ED%95%B4%EC%9A%94-5ybtjrgzubqy/?in=%EC%84%B1%EB%B6%81%EA%B5%AC-%EC%A2%85%EB%A1%9C%EA%B5%AC-12411,2025-02-17 15:33:41
성북구·종로구,고양이,"베르데카페 목, 금 알바 구합니다.","베르데카페
·
태인면
·
2일 전","시급 1만 1,000원
·
목~금
·
11:30~21:00",이미지 없음,https://www.daangn.com/kr/jobs/%EB%B2%A0%EB%A5%B4%EB%8D%B0%EC%B9%B4%ED%8E%98-%EB%AA%A9-%EA%B8%88-%EC%95%8C%EB%B0%94-%EA%B5%AC%ED%95%A9%EB%8B%88%EB%8B%A4-jhmqkptuvzqn/?in=%EC%84%B1%EB%B6%81%EA%B5%AC-%EC%A2%85%EB%A1%9C%EA%B5%AC-12411,2025-02-17 15:33:41
성북구·종로구,고양이,이자카야고양이에서 주방. 홀직원분 모십니다.,"이자카야고양이
·
삼천동1가
·
11일 전","월급 280만원
·
월~토
·
17:00~03:00",이미지 없음,https://www.daangn.com/kr/jobs/%EC%9D%B4%EC%9E%90%EC%B9%B4%EC%95%BC%EA%B3%A0%EC%96%91%EC%9D%B4%EC%97%90%EC%84%9C-%EC%A3%BC%EB%B0%A9-%ED%99%80%EC%A7%81%EC%9B%90%EB%B6%84-%EB%AA%A8%EC%8B%AD%EB%8B%88%EB%8B%A4-k89e4dgmz2sm/?in=%EC%84%B1%EB%B6%81%EA%B5%AC-%EC%A2%85%EB%A1%9C%EA%B5%AC-12411,2025-02-17 15:33:41
성북구·종로구,고양이,20개월 여아 하원도우미 구합니다,"이웃알바
·
정자동
·
2일 전","시급 1만 3,000원
·
월~금
·
16:00~20:30",이미지 없음,https://www.daangn.com/kr/jobs/20%EA%B0%9C%EC%9B%94-%EC%97%AC%EC%95%84-%ED%95%98%EC%9B%90%EB%8F%84%EC%9A%B0%EB%AF%B8-%EA%B5%AC%ED%95%A9%EB%8B%88%EB%8B%A4-myh6uwvmqk2k/?in=%EC%84%B1%EB%B6%81%EA%B5%AC-%EC%A2%85%EB%A1%9C%EA%B5%AC-12411,2025-02-17 15:33:41
성북구·종로구,고양이,"주5일, 20개월 여아 하원 도우미","이웃알바
·
정자동
·
2일 전","시급 1만 3,000원
·
월~금
·
16:00~20:30",이미지 없음,https://www.daangn.com/kr/jobs/%EC%A3%BC5%EC%9D%BC-20%EA%B0%9C%EC%9B%94-%EC%97%AC%EC%95%84-%ED%95%98%EC%9B%90-%EB%8F%84%EC%9A%B0%EB%AF%B8-u5bfuw5f865d/?in=%EC%84%B1%EB%B6%81%EA%B5%AC-%EC%A2%85%EB%A1%9C%EA%B5%AC-12411,2025-02-17 15:33:41
성북구·종로구,고양이,주 2회 집 청소 해주실 분 찾습니다,"이웃알바
·
형곡동
·
3일 전","건당 4만원
·
수, 토, 일
·
09:00~18:00 협의",이미지 없음,https://www.daangn.com/kr/jobs/%EC%A3%BC-2%ED%9A%8C-%EC%A7%91-%EC%B2%AD%EC%86%8C-%ED%95%B4%EC%A3%BC%EC%8B%A4-%EB%B6%84-%EC%B0%BE%EC%8A%B5%EB%8B%88%EB%8B%A4-gxsz7zn2fw5v/?in=%EC%84%B1%EB%B6%81%EA%B5%AC-%EC%A2%85%EB%A1%9C%EA%B5%AC-12411,2025-02-17 15:33:41
성북구·종로구,고양이,피규어 관리해주실 분 구합니다!,"이웃알바
·
용암동
·
4일 전","시급 2만원
·
월~일
·
09:00~18:00 협의",이미지 없음,https://www.daangn.com/kr/jobs/%ED%94%BC%EA%B7%9C%EC%96%B4-%EA%B4%80%EB%A6%AC%ED%95%B4%EC%A3%BC%EC%8B%A4-%EB%B6%84-%EA%B5%AC%ED%95%A9%EB%8B%88%EB%8B%A4-xi9s1idxh4z7/?in=%EC%84%B1%EB%B6%81%EA%B5%AC-%EC%A2%85%EB%A1%9C%EA%B5%AC-12411,2025-02-17 15:33:41
성북구·종로구,고양이,"고양이 돌봄(3/27,28,29,30)","이웃알바
·
산본동
·
4일 전","건당 1만원
·
목~일
·
09:00~18:00 협의",이미지 없음,https://www.daangn.com/kr/jobs/%EA%B3%A0%EC%96%91%EC%9D%B4-%EB%8F%8C%EB%B4%84-3-27-28-29-30-5g7t8yuods13/?in=%EC%84%B1%EB%B6%81%EA%B5%AC-%EC%A2%85%EB%A1%9C%EA%B5%AC-12411,2025-02-17 15:33:41
성북구·종로구,고양이,나비캣에서 함께 근무할 직원을 구합니다,"고양이 나비캣 강남점
·
논현동
·
4일 전","시급 1만 500원
·
월, 화, 수, 금, 토, 일
·
11:00~15:00 협의",이미지 없음,https://www.daangn.com/kr/jobs/%EB%82%98%EB%B9%84%EC%BA%A3%EC%97%90%EC%84%9C-%ED%95%A8%EA%BB%98-%EA%B7%BC%EB%AC%B4%ED%95%A0-%EC%A7%81%EC%9B%90%EC%9D%84-%EA%B5%AC%ED%95%A9%EB%8B%88%EB%8B%A4-w6muha5fkx98/?in=%EC%84%B1%EB%B6%81%EA%B5%AC-%EC%A2%85%EB%A1%9C%EA%B5%AC-12411,2025-02-17 15:33:41
성북구·종로구,고양이,아이돌봄 구해요,"이웃알바
·
태평동
·
4일 전","시급 1만 1,000원
·
토
·
09:00~21:00",이미지 없음,https://www.daangn.com/kr/jobs/%EC%95%84%EC%9D%B4%EB%8F%8C%EB%B4%84-%EA%B5%AC%ED%95%B4%EC%9A%94-e326u2jajzgy/?in=%EC%84%B1%EB%B6%81%EA%B5%AC-%EC%A2%85%EB%A1%9C%EA%B5%AC-12411,2025-02-17 15:33:41
성북구·종로구,고양이,펫도어 설치,"이웃알바
·
원평동
·
4일 전","건당 5만원
·
내일
·
09:00~18:00 협의",이미지 없음,https://www.daangn.com/kr/jobs/%ED%8E%AB%EB%8F%84%EC%96%B4-%EC%84%A4%EC%B9%98-s5a3edajdugo/?in=%EC%84%B1%EB%B6%81%EA%B5%AC-%EC%A2%85%EB%A1%9C%EA%B5%AC-12411,2025-02-17 15:33:41
성북구·종로구,고양이,집 청소 및 간단한 청소 도와주실 분 찾습니다.,"이웃알바
·
동춘동
·
4일 전","건당 6만원
·
3월 11일
·
11:00~16:00",이미지 없음,https://www.daangn.com/kr/jobs/%EC%A7%91-%EC%B2%AD%EC%86%8C-%EB%B0%8F-%EA%B0%84%EB%8B%A8%ED%95%9C-%EC%B2%AD%EC%86%8C-%EB%8F%84%EC%99%80%EC%A3%BC%EC%8B%A4-%EB%B6%84-%EC%B0%BE%EC%8A%B5%EB%8B%88%EB%8B%A4-nb472mcoyym9/?in=%EC%84%B1%EB%B6%81%EA%B5%AC-%EC%A2%85%EB%A1%9C%EA%B5%AC-12411,2025-02-17 15:33:41
성북구·종로구,고양이,7개월 남아 아이돌봄 시터 풀타임 해주실분 구합니다,"이웃알바
·
철산동
·
5일 전","시급 1만 5,000원
·
월~금
·
08:00~19:00",이미지 없음,https://www.daangn.com/kr/jobs/7%EA%B0%9C%EC%9B%94-%EB%82%A8%EC%95%84-%EC%95%84%EC%9D%B4%EB%8F%8C%EB%B4%84-%EC%8B%9C%ED%84%B0-%ED%92%80%ED%83%80%EC%9E%84-%ED%95%B4%EC%A3%BC%EC%8B%A4%EB%B6%84-%EA%B5%AC%ED%95%A9%EB%8B%88%EB%8B%A4-vgka3dqxw1bn/?in=%EC%84%B1%EB%B6%81%EA%B5%AC-%EC%A2%85%EB%A1%9C%EA%B5%AC-12411,2025-02-17 15:33:41
성북구·종로구,고양이,7개월아기 하원이후 돌봐주실 분 (엄마와 함께),"이웃알바
·
신봉동
·
6일 전","건당 1만 7,000원
·
월~금
·
16:30~20:30",이미지 없음,https://www.daangn.com/kr/jobs/7%EA%B0%9C%EC%9B%94%EC%95%84%EA%B8%B0-%ED%95%98%EC%9B%90%EC%9D%B4%ED%9B%84-%EB%8F%8C%EB%B4%90%EC%A3%BC%EC%8B%A4-%EB%B6%84-%EC%97%84%EB%A7%88%EC%99%80-%ED%95%A8%EA%BB%98-azk75hbu21e6/?in=%EC%84%B1%EB%B6%81%EA%B5%AC-%EC%A2%85%EB%A1%9C%EA%B5%AC-12411,2025-02-17 15:33:41
성북구·종로구,고양이,오피스텔 벽지 새로 도배하기,"이웃알바
·
전포동
·
7일 전","건당 20만원
·
월~일
·
09:00~18:00 협의",이미지 없음,https://www.daangn.com/kr/jobs/%EC%98%A4%ED%94%BC%EC%8A%A4%ED%85%94-%EB%B2%BD%EC%A7%80-%EC%83%88%EB%A1%9C-%EB%8F%84%EB%B0%B0%ED%95%98%EA%B8%B0-9zm2fyv489cj/?in=%EC%84%B1%EB%B6%81%EA%B5%AC-%EC%A2%85%EB%A1%9C%EA%B5%AC-12411,2025-02-17 15:33:41
성북구·종로구,고양이,피규어 관리 구인,"이웃알바
·
용암동
·
8일 전","시급 2만원
·
월~금
·
09:00~18:00 협의",이미지 없음,https://www.daangn.com/kr/jobs/%ED%94%BC%EA%B7%9C%EC%96%B4-%EA%B4%80%EB%A6%AC-%EA%B5%AC%EC%9D%B8-y5z8rdhmjhza/?in=%EC%84%B1%EB%B6%81%EA%B5%AC-%EC%A2%85%EB%A1%9C%EA%B5%AC-12411,2025-02-17 15:33:41
성북구·종로구,고양이,11살여자아이 저녁식사챙겨주실분,"이웃알바
·
능동
·
14일 전","건당 1만 3,000원
·
수~목
·
09:00~18:00 협의",이미지 없음,https://www.daangn.com/kr/jobs/11%EC%82%B4%EC%97%AC%EC%9E%90%EC%95%84%EC%9D%B4-%EC%A0%80%EB%85%81%EC%8B%9D%EC%82%AC%EC%B1%99%EA%B2%A8%EC%A3%BC%EC%8B%A4%EB%B6%84-atsk6v8m62gg/?in=%EC%84%B1%EB%B6%81%EA%B5%AC-%EC%A2%85%EB%A1%9C%EA%B5%AC-12411,2025-02-17 15:33:41
성북구·종로구,고양이,초등5학년 영어과외선생님 모십니다,"이웃알바
·
석우동
·
16일 전","건당 3만 5,000원
·
월, 수
·
09:00~18:00 협의",이미지 없음,https://www.daangn.com/kr/jobs/%EC%B4%88%EB%93%B15%ED%95%99%EB%85%84-%EC%98%81%EC%96%B4%EA%B3%BC%EC%99%B8%EC%84%A0%EC%83%9D%EB%8B%98-%EB%AA%A8%EC%8B%AD%EB%8B%88%EB%8B%A4-xxaq7k9ne7zu/?in=%EC%84%B1%EB%B6%81%EA%B5%AC-%EC%A2%85%EB%A1%9C%EA%B5%AC-12411,2025-02-17 15:33:41
성북구·종로구,고양이,에어컨 설치&분해청소,"이웃알바
·
도당동
·
16일 전","건당 1,111원
·
2월 23일
·
09:00~18:00 협의",이미지 없음,https://www.daangn.com/kr/jobs/%EC%97%90%EC%96%B4%EC%BB%A8-%EC%84%A4%EC%B9%98-%EB%B6%84%ED%95%B4%EC%B2%AD%EC%86%8C-8b2o9rzxnnm8/?in=%EC%84%B1%EB%B6%81%EA%B5%AC-%EC%A2%85%EB%A1%9C%EA%B5%AC-12411,2025-02-17 15:33:41
성북구·종로구,고양이,"고양이 돌봄(사료주기,배변처리)","제주웨이브서핑
·
구좌읍
·
22일 전","월급 20만원
·
월~일
·
09:00~18:00 협의",이미지 없음,https://www.daangn.com/kr/jobs/%EA%B3%A0%EC%96%91%EC%9D%B4-%EB%8F%8C%EB%B4%84-%EC%82%AC%EB%A3%8C%EC%A3%BC%EA%B8%B0-%EB%B0%B0%EB%B3%80%EC%B2%98%EB%A6%AC-8h9bwy4y1p52/?in=%EC%84%B1%EB%B6%81%EA%B5%AC-%EC%A2%85%EB%A1%9C%EA%B5%AC-12411,2025-02-17 15:33:41
성북구·종로구,고양이,화/목 오후 유아 돌봄 선생님 구합니다,"이웃알바
·
초월읍
·
1개월 전","시급 1만 2,000원
·
화, 목
·
12:00~18:00",이미지 없음,https://www.daangn.com/kr/jobs/%ED%99%94-%EB%AA%A9-%EC%98%A4%ED%9B%84-%EC%9C%A0%EC%95%84-%EB%8F%8C%EB%B4%84-%EC%84%A0%EC%83%9D%EB%8B%98-%EA%B5%AC%ED%95%A9%EB%8B%88%EB%8B%A4-1duzrp68hbg9/?in=%EC%84%B1%EB%B6%81%EA%B5%AC-%EC%A2%85%EB%A1%9C%EA%B5%AC-12411,2025-02-17 15:33:41
성북구·종로구,고양이,고양이배식 / 1시간가량소요 / 마곡동,"이웃알바
·
마곡동
·
3개월 전","건당 2만 5,000원
·
월, 토, 일
·
09:00~18:00 협의",이미지 없음,https://www.daangn.com/kr/jobs/%EA%B3%A0%EC%96%91%EC%9D%B4%EB%B0%B0%EC%8B%9D-1%EC%8B%9C%EA%B0%84%EA%B0%80%EB%9F%89%EC%86%8C%EC%9A%94-%EB%A7%88%EA%B3%A1%EB%8F%99-ysp7t4jczoak/?in=%EC%84%B1%EB%B6%81%EA%B5%AC-%EC%A2%85%EB%A1%9C%EA%B5%AC-12411,2025-02-17 15:33:41
성북구·종로구,고양이,등하원도우미 구합니다,"이웃알바
·
권선동
·
1개월 전","시급 1만 3,000원
·
월~금
·
09:00~18:00 협의",이미지 없음,https://www.daangn.com/kr/jobs/%EB%93%B1%ED%95%98%EC%9B%90%EB%8F%84%EC%9A%B0%EB%AF%B8-%EA%B5%AC%ED%95%A9%EB%8B%88%EB%8B%A4-itcowc8983s7/?in=%EC%84%B1%EB%B6%81%EA%B5%AC-%EC%A2%85%EB%A1%9C%EA%B5%AC-12411,2025-02-17 15:33:41
성북구·종로구,고양이,고양이 돌봐주실 분 구합니다 !,"이웃알바
·
복대동
·
1개월 전","건당 1만 9,000원
·
월~금
·
14:00~17:00",이미지 없음,https://www.daangn.com/kr/jobs/%EA%B3%A0%EC%96%91%EC%9D%B4-%EB%8F%8C%EB%B4%90%EC%A3%BC%EC%8B%A4-%EB%B6%84-%EA%B5%AC%ED%95%A9%EB%8B%88%EB%8B%A4-42jz3avp1jmd/?in=%EC%84%B1%EB%B6%81%EA%B5%AC-%EC%A2%85%EB%A1%9C%EA%B5%AC-12411,2025-02-17 15:33:41
성북구·종로구,고양이,논현동 가정집 반려동물 돌봄 (일요일),"이웃알바
·
논현동
·
1개월 전","건당 18만원
·
일
·
07:00~16:30",이미지 없음,https://www.daangn.com/kr/jobs/%EB%85%BC%ED%98%84%EB%8F%99-%EA%B0%80%EC%A0%95%EC%A7%91-%EB%B0%98%EB%A0%A4%EB%8F%99%EB%AC%BC-%EB%8F%8C%EB%B4%84-%EC%9D%BC%EC%9A%94%EC%9D%BC-aaywwyak1wxb/?in=%EC%84%B1%EB%B6%81%EA%B5%AC-%EC%A2%85%EB%A1%9C%EA%B5%AC-12411,2025-02-17 15:33:41
성북구·종로구,고양이,논현동 가정집 반려동물 돌봄 (평일/주말),"이웃알바
·
논현동
·
2개월 전","건당 18만원
·
일
·
09:00~18:00 협의",이미지 없음,https://www.daangn.com/kr/jobs/%EB%85%BC%ED%98%84%EB%8F%99-%EA%B0%80%EC%A0%95%EC%A7%91-%EB%B0%98%EB%A0%A4%EB%8F%99%EB%AC%BC-%EB%8F%8C%EB%B4%84-%ED%8F%89%EC%9D%BC-%EC%A3%BC%EB%A7%90-94k1qe4cjmq7/?in=%EC%84%B1%EB%B6%81%EA%B5%AC-%EC%A2%85%EB%A1%9C%EA%B5%AC-12411,2025-02-17 15:33:41
양천구,강아지,강아지와 함께 있어주세요,"이웃알바
·
신월동
·
3일 전","건당 2만원
·
화
·
09:00~18:00 협의",https://img.kr.gcp-karroter.net/jobs/article/34338632/1739506299945/1094602489.jpeg?q=95&s=1440x1440&t=inside,https://www.daangn.com/kr/jobs/%EA%B0%95%EC%95%84%EC%A7%80%EC%99%80-%ED%95%A8%EA%BB%98-%EC%9E%88%EC%96%B4%EC%A3%BC%EC%84%B8%EC%9A%94-incijzpc9pdt/?in=%EC%96%91%EC%B2%9C%EA%B5%AC-238,2025-02-17 15:33:42
양천구,강아지,펫시터 단기 알바 구합니다!,"이웃알바
·
신정동
·
16일 전","시급 1만 3,000원
·
총 6일 / 2월 24일~3월 1일
·
09:00~18:00 협의",이미지 없음,https://www.daangn.com/kr/jobs/%ED%8E%AB%EC%8B%9C%ED%84%B0-%EB%8B%A8%EA%B8%B0-%EC%95%8C%EB%B0%94-%EA%B5%AC%ED%95%A9%EB%8B%88%EB%8B%A4-bofrxgzfqnjq/?in=%EC%96%91%EC%B2%9C%EA%B5%AC-238,2025-02-17 15:33:42
영등포구,강아지,강아지 산책시켜주실 분 구해요,"이웃알바
·
당산동3가
·
9일 전","건당 2만원
·
월, 수, 금
·
09:00~18:00 협의",이미지 없음,https://www.daangn.com/kr/jobs/%EA%B0%95%EC%95%84%EC%A7%80-%EC%82%B0%EC%B1%85%EC%8B%9C%EC%BC%9C%EC%A3%BC%EC%8B%A4-%EB%B6%84-%EA%B5%AC%ED%95%B4%EC%9A%94-ih2xypixngg3/?in=%EC%98%81%EB%93%B1%ED%8F%AC%EA%B5%AC-305,2025-02-17 15:33:53
영등포구,강아지,새끼강아지 돌봐주실분!! 펫시터 구함,"이웃알바
·
영등포동1가
·
16일 전","시급 1만 5,000원
·
월~금
·
12:00~18:00",https://img.kr.gcp-karroter.net/jobs/article/21985097/1738405227595/job-post-1059947136.jpeg?q=95&s=1440x1440&t=inside,https://www.daangn.com/kr/jobs/%EC%83%88%EB%81%BC%EA%B0%95%EC%95%84%EC%A7%80-%EB%8F%8C%EB%B4%90%EC%A3%BC%EC%8B%A4%EB%B6%84-%ED%8E%AB%EC%8B%9C%ED%84%B0-%EA%B5%AC%ED%95%A8-hhjqg7yu3kj2/?in=%EC%98%81%EB%93%B1%ED%8F%AC%EA%B5%AC-305,2025-02-17 15:33:53
영등포구,강아지,집안일 도와주실분 구합니다.,"이웃알바
·
여의도동
·
14일 전","시급 1만 5,000원
·
월, 화, 목, 금
·
09:00~18:00 협의",이미지 없음,https://www.daangn.com/kr/jobs/%EC%A7%91%EC%95%88%EC%9D%BC-%EB%8F%84%EC%99%80%EC%A3%BC%EC%8B%A4%EB%B6%84-%EA%B5%AC%ED%95%A9%EB%8B%88%EB%8B%A4-bm4n94f16deu/?in=%EC%98%81%EB%93%B1%ED%8F%AC%EA%B5%AC-305,2025-02-17 15:33:53
용산구,강아지,베이비시터 구합니다.,"이웃알바
·
한남동
·
5일 전","월급 380만원
·
총 7일 / 2월 12~18일
·
09:00~18:00 협의",이미지 없음,https://www.daangn.com/kr/jobs/%EB%B2%A0%EC%9D%B4%EB%B9%84%EC%8B%9C%ED%84%B0-%EA%B5%AC%ED%95%A9%EB%8B%88%EB%8B%A4-1ftpqozykvh2/?in=%EC%9A%A9%EC%82%B0%EA%B5%AC-36,2025-02-17 15:34:04
용산구,강아지,약 60일차 남아 돌봐주실 시터님 구합니다!,"이웃알바
·
원효로1가
·
9일 전","시급 1만 5,000원
·
월~금
·
08:30~16:30",https://img.kr.gcp-karroter.net/jobs/article/9677112/1739099760551/job-post-3623551546.jpeg?q=95&s=1440x1440&t=inside,https://www.daangn.com/kr/jobs/%EC%95%BD-60%EC%9D%BC%EC%B0%A8-%EB%82%A8%EC%95%84-%EB%8F%8C%EB%B4%90%EC%A3%BC%EC%8B%A4-%EC%8B%9C%ED%84%B0%EB%8B%98-%EA%B5%AC%ED%95%A9%EB%8B%88%EB%8B%A4-xwz33z5g2kmt/?in=%EC%9A%A9%EC%82%B0%EA%B5%AC-36,2025-02-17 15:34:04
중구-성동구,강아지,강아지 산책 도와주실 분을 찾고 있어요!!,"이웃알바
·
역곡동
·
1시간 전","건당 1만 2,000원
·
월~금
·
09:00~18:00 협의",https://img.kr.gcp-karroter.net/jobs/article/85136340/1735567190192/job-post-770352170.jpeg?q=95&s=1440x1440&t=inside,https://www.daangn.com/kr/jobs/%EA%B0%95%EC%95%84%EC%A7%80-%EC%82%B0%EC%B1%85-%EB%8F%84%EC%99%80%EC%A3%BC%EC%8B%A4-%EB%B6%84%EC%9D%84-%EC%B0%BE%EA%B3%A0-%EC%9E%88%EC%96%B4%EC%9A%94-wucue2a8juub/?in=%EC%A4%91%EA%B5%AC-%EC%84%B1%EB%8F%99%EA%B5%AC-4172,2025-02-17 15:35:02
중구-성동구,강아지,강아지 산책 구해용,"이웃알바
·
외동
·
2시간 전","시급 1만 30원
·
오늘
·
09:00~18:00 협의",이미지 없음,https://www.daangn.com/kr/jobs/%EA%B0%95%EC%95%84%EC%A7%80-%EC%82%B0%EC%B1%85-%EA%B5%AC%ED%95%B4%EC%9A%A9-3ocyqxcivjqt/?in=%EC%A4%91%EA%B5%AC-%EC%84%B1%EB%8F%99%EA%B5%AC-4172,2025-02-17 15:35:02
중구-성동구,강아지,강아지 산책,"이웃알바
·
근덕면
·
11분 전","건당 1만원
·
내일
·
09:00~18:00 협의",이미지 없음,https://www.daangn.com/kr/jobs/%EA%B0%95%EC%95%84%EC%A7%80-%EC%82%B0%EC%B1%85-mrczk1gz9omo/?in=%EC%A4%91%EA%B5%AC-%EC%84%B1%EB%8F%99%EA%B5%AC-4172,2025-02-17 15:35:02
중구-성동구,강아지,강아지 산책,"이웃알바
·
강화읍
·
11분 전","건당 1만원
·
내일
·
09:00~18:00 협의",이미지 없음,https://www.daangn.com/kr/jobs/%EA%B0%95%EC%95%84%EC%A7%80-%EC%82%B0%EC%B1%85-ivea9136ctf6/?in=%EC%A4%91%EA%B5%AC-%EC%84%B1%EB%8F%99%EA%B5%AC-4172,2025-02-17 15:35:02
중구-성동구,강아지,"(대야동)일주일 어르신 화,목 돌봐주실분 구해요","이웃알바
·
대야동
·
2분 전","시급 1만 2,700원
·
화, 목
·
13:00~15:00",이미지 없음,https://www.daangn.com/kr/jobs/%EB%8C%80%EC%95%BC%EB%8F%99-%EC%9D%BC%EC%A3%BC%EC%9D%BC-%EC%96%B4%EB%A5%B4%EC%8B%A0-%ED%99%94-%EB%AA%A9-%EB%8F%8C%EB%B4%90%EC%A3%BC%EC%8B%A4%EB%B6%84-%EA%B5%AC%ED%95%B4%EC%9A%94-toe48489w6c4/?in=%EC%A4%91%EA%B5%AC-%EC%84%B1%EB%8F%99%EA%B5%AC-4172,2025-02-17 15:35:02
중구-성동구,강아지,반려동물 케어 및 산책,"이웃알바
·
성남동
·
6분 전","건당 1만 7,000원
·
오늘
·
16:00~18:00",이미지 없음,https://www.daangn.com/kr/jobs/%EB%B0%98%EB%A0%A4%EB%8F%99%EB%AC%BC-%EC%BC%80%EC%96%B4-%EB%B0%8F-%EC%82%B0%EC%B1%85-cmuv1xma2ks1/?in=%EC%A4%91%EA%B5%AC-%EC%84%B1%EB%8F%99%EA%B5%AC-4172,2025-02-17 15:35:02
중구-성동구,강아지,중대형견 산책,"이웃알바
·
화곡동
·
25분 전","건당 1만 1,000원
·
오늘
·
09:00~18:00 협의",이미지 없음,https://www.daangn.com/kr/jobs/%EC%A4%91%EB%8C%80%ED%98%95%EA%B2%AC-%EC%82%B0%EC%B1%85-q9ffva3g9hz2/?in=%EC%A4%91%EA%B5%AC-%EC%84%B1%EB%8F%99%EA%B5%AC-4172,2025-02-17 15:35:02
중구-성동구,강아지,반려견 방문돌봄,"이웃알바
·
인계동
·
33분 전","건당 2만원
·
오늘
·
16:00~17:30",이미지 없음,https://www.daangn.com/kr/jobs/%EB%B0%98%EB%A0%A4%EA%B2%AC-%EB%B0%A9%EB%AC%B8%EB%8F%8C%EB%B4%84-d6ierxy6c3j6/?in=%EC%A4%91%EA%B5%AC-%EC%84%B1%EB%8F%99%EA%B5%AC-4172,2025-02-17 15:35:02
중구-성동구,강아지,9개월 말티푸 펫시터 구합니다! (2/21~2/24),"이웃알바
·
청라동
·
1시간 전","건당 2만원
·
총 7일 / 오늘~2월 23일
·
09:00~18:00 협의",이미지 없음,https://www.daangn.com/kr/jobs/9%EA%B0%9C%EC%9B%94-%EB%A7%90%ED%8B%B0%ED%91%B8-%ED%8E%AB%EC%8B%9C%ED%84%B0-%EA%B5%AC%ED%95%A9%EB%8B%88%EB%8B%A4-2-21-2-24-7sumvyrng9m6/?in=%EC%A4%91%EA%B5%AC-%EC%84%B1%EB%8F%99%EA%B5%AC-4172,2025-02-17 15:35:02
중구-성동구,강아지,강아지 산책 알바 구합니다(아침7시),"이웃알바
·
세류동
·
3시간 전","건당 1만 5,000원
·
월~수
·
07:00~08:00",이미지 없음,https://www.daangn.com/kr/jobs/%EA%B0%95%EC%95%84%EC%A7%80-%EC%82%B0%EC%B1%85-%EC%95%8C%EB%B0%94-%EA%B5%AC%ED%95%A9%EB%8B%88%EB%8B%A4-%EC%95%84%EC%B9%A87%EC%8B%9C-zfmcy93hmxeb/?in=%EC%A4%91%EA%B5%AC-%EC%84%B1%EB%8F%99%EA%B5%AC-4172,2025-02-17 15:35:02
중구-성동구,강아지,실종견 인쇄물 배포,"이웃알바
·
계수동
·
2시간 전","건당 2만 5,000원
·
총 7일 / 오늘~2월 23일
·
09:00~18:00 협의",이미지 없음,https://www.daangn.com/kr/jobs/%EC%8B%A4%EC%A2%85%EA%B2%AC-%EC%9D%B8%EC%87%84%EB%AC%BC-%EB%B0%B0%ED%8F%AC-6x49qu6bmhkt/?in=%EC%A4%91%EA%B5%AC-%EC%84%B1%EB%8F%99%EA%B5%AC-4172,2025-02-17 15:35:02
중구-성동구,강아지,이삿짐 싸는거 도와주실분 오전두시간,"이웃알바
·
강정동
·
2시간 전","건당 2만 5,000원
·
내일
·
09:00~18:00 협의",이미지 없음,https://www.daangn.com/kr/jobs/%EC%9D%B4%EC%82%BF%EC%A7%90-%EC%8B%B8%EB%8A%94%EA%B1%B0-%EB%8F%84%EC%99%80%EC%A3%BC%EC%8B%A4%EB%B6%84-%EC%98%A4%EC%A0%84%EB%91%90%EC%8B%9C%EA%B0%84-e12b7ubqb3ub/?in=%EC%A4%91%EA%B5%AC-%EC%84%B1%EB%8F%99%EA%B5%AC-4172,2025-02-17 15:35:02
중구-성동구,강아지,강아지 급식. 산책 알바 구해요,"이웃알바
·
하남동
·
4시간 전","건당 1만원
·
총 7일 / 오늘~2월 23일
·
09:00~18:00 협의",이미지 없음,https://www.daangn.com/kr/jobs/%EA%B0%95%EC%95%84%EC%A7%80-%EA%B8%89%EC%8B%9D-%EC%82%B0%EC%B1%85-%EC%95%8C%EB%B0%94-%EA%B5%AC%ED%95%B4%EC%9A%94-97kqc3ogu68z/?in=%EC%A4%91%EA%B5%AC-%EC%84%B1%EB%8F%99%EA%B5%AC-4172,2025-02-17 15:35:02
중구-성동구,강아지,강아지 산책,"이웃알바
·
용담2동
·
5시간 전","건당 1만원
·
총 2일 / 2월 19~20일
·
09:00~18:00 협의",이미지 없음,https://www.daangn.com/kr/jobs/%EA%B0%95%EC%95%84%EC%A7%80-%EC%82%B0%EC%B1%85-rks8j9qk7stj/?in=%EC%A4%91%EA%B5%AC-%EC%84%B1%EB%8F%99%EA%B5%AC-4172,2025-02-17 15:35:02
중구-성동구,강아지,주1회 50평대 청소(2시간),"이웃알바
·
하왕십리동
·
3시간 전","건당 5만원
·
월~금
·
09:00~18:00 협의",이미지 없음,https://www.daangn.com/kr/jobs/%EC%A3%BC1%ED%9A%8C-50%ED%8F%89%EB%8C%80-%EC%B2%AD%EC%86%8C-2%EC%8B%9C%EA%B0%84-njt76t1g5jsa/?in=%EC%A4%91%EA%B5%AC-%EC%84%B1%EB%8F%99%EA%B5%AC-4172,2025-02-17 15:35:02
중구-성동구,강아지,대형견 산책시켜주실분?,"이웃알바
·
정자동
·
4시간 전","건당 2만원
·
총 7일 / 오늘~2월 23일
·
09:00~18:00 협의",이미지 없음,https://www.daangn.com/kr/jobs/%EB%8C%80%ED%98%95%EA%B2%AC-%EC%82%B0%EC%B1%85%EC%8B%9C%EC%BC%9C%EC%A3%BC%EC%8B%A4%EB%B6%84-q7bfqesbh1m6/?in=%EC%A4%91%EA%B5%AC-%EC%84%B1%EB%8F%99%EA%B5%AC-4172,2025-02-17 15:35:02
중구-성동구,강아지,대형견 산책(1시간-리트리버),"이웃알바
·
단구동
·
4시간 전","건당 1만 5,000원
·
오늘
·
12:00~13:00",이미지 없음,https://www.daangn.com/kr/jobs/%EB%8C%80%ED%98%95%EA%B2%AC-%EC%82%B0%EC%B1%85-1%EC%8B%9C%EA%B0%84-%EB%A6%AC%ED%8A%B8%EB%A6%AC%EB%B2%84-e6t7vv95masu/?in=%EC%A4%91%EA%B5%AC-%EC%84%B1%EB%8F%99%EA%B5%AC-4172,2025-02-17 15:35:02
중구-성동구,강아지,주2회 월 금 4시간 가사도우미-동대문구,"이웃알바
·
장안동
·
4시간 전","건당 5만원
·
월, 금
·
14:00~18:00",이미지 없음,https://www.daangn.com/kr/jobs/%EC%A3%BC2%ED%9A%8C-%EC%9B%94-%EA%B8%88-4%EC%8B%9C%EA%B0%84-%EA%B0%80%EC%82%AC%EB%8F%84%EC%9A%B0%EB%AF%B8-%EB%8F%99%EB%8C%80%EB%AC%B8%EA%B5%AC-1osyy1mfqvgo/?in=%EC%A4%91%EA%B5%AC-%EC%84%B1%EB%8F%99%EA%B5%AC-4172,2025-02-17 15:35:02
중구-성동구,강아지,가정집 청소해주실 분 구합니다,"이웃알바
·
원곡동
·
5시간 전","시급 1만 3,000원
·
총 7일 / 오늘~2월 23일
·
09:00~18:00 협의",이미지 없음,https://www.daangn.com/kr/jobs/%EA%B0%80%EC%A0%95%EC%A7%91-%EC%B2%AD%EC%86%8C%ED%95%B4%EC%A3%BC%EC%8B%A4-%EB%B6%84-%EA%B5%AC%ED%95%A9%EB%8B%88%EB%8B%A4-fz1ws7y177n7/?in=%EC%A4%91%EA%B5%AC-%EC%84%B1%EB%8F%99%EA%B5%AC-4172,2025-02-17 15:35:02
중구-성동구,강아지,2시부터7시 월 금 집안일과 아이케어해주실분 모십니다,"이웃알바
·
문정동
·
5시간 전","건당 1만 4,000원
·
월, 금
·
09:00~18:00 협의",이미지 없음,https://www.daangn.com/kr/jobs/2%EC%8B%9C%EB%B6%80%ED%84%B07%EC%8B%9C-%EC%9B%94-%EA%B8%88-%EC%A7%91%EC%95%88%EC%9D%BC%EA%B3%BC-%EC%95%84%EC%9D%B4%EC%BC%80%EC%96%B4%ED%95%B4%EC%A3%BC%EC%8B%A4%EB%B6%84-%EB%AA%A8%EC%8B%AD%EB%8B%88%EB%8B%A4-haooamqovwdf/?in=%EC%A4%91%EA%B5%AC-%EC%84%B1%EB%8F%99%EA%B5%AC-4172,2025-02-17 15:35:02
중구-성동구,강아지,평일 강아지 돌봄 구합니다,"이웃알바
·
다사읍
·
9시간 전","건당 1만 5,000원
·
월~금
·
09:00~18:00 협의",이미지 없음,https://www.daangn.com/kr/jobs/%ED%8F%89%EC%9D%BC-%EA%B0%95%EC%95%84%EC%A7%80-%EB%8F%8C%EB%B4%84-%EA%B5%AC%ED%95%A9%EB%8B%88%EB%8B%A4-9obvxy5enrw7/?in=%EC%A4%91%EA%B5%AC-%EC%84%B1%EB%8F%99%EA%B5%AC-4172,2025-02-17 15:35:02
중구-성동구,강아지,집 청소 해주실분 구합니다,"이웃알바
·
계양동
·
6시간 전","시급 1만 30원
·
오늘
·
17:00~22:00",이미지 없음,https://www.daangn.com/kr/jobs/%EC%A7%91-%EC%B2%AD%EC%86%8C-%ED%95%B4%EC%A3%BC%EC%8B%A4%EB%B6%84-%EA%B5%AC%ED%95%A9%EB%8B%88%EB%8B%A4-idpzbpiau662/?in=%EC%A4%91%EA%B5%AC-%EC%84%B1%EB%8F%99%EA%B5%AC-4172,2025-02-17 15:35:02
중구-성동구,강아지,강아지유치원 픽업기사 구인합니다,"멍플레이스
·
청라동
·
15시간 전","월급 80만원
·
월~금
·
09:00~18:00 협의",이미지 없음,https://www.daangn.com/kr/jobs/%EA%B0%95%EC%95%84%EC%A7%80%EC%9C%A0%EC%B9%98%EC%9B%90-%ED%94%BD%EC%97%85%EA%B8%B0%EC%82%AC-%EA%B5%AC%EC%9D%B8%ED%95%A9%EB%8B%88%EB%8B%A4-qao1pws1z7ja/?in=%EC%A4%91%EA%B5%AC-%EC%84%B1%EB%8F%99%EA%B5%AC-4172,2025-02-17 15:35:02
중구-성동구,강아지,강아지 비글(7살)배변산책,"이웃알바
·
파주읍
·
20시간 전","시급 1만 30원
·
월~금
·
09:00~18:00 협의",이미지 없음,https://www.daangn.com/kr/jobs/%EA%B0%95%EC%95%84%EC%A7%80-%EB%B9%84%EA%B8%80-7%EC%82%B4-%EB%B0%B0%EB%B3%80%EC%82%B0%EC%B1%85-emypj2i637kd/?in=%EC%A4%91%EA%B5%AC-%EC%84%B1%EB%8F%99%EA%B5%AC-4172,2025-02-17 15:35:02
중구-성동구,강아지,강아지 두마리 24일부터 4일동안 가정돌봄,"이웃알바
·
오포읍
·
21시간 전","월급 20만원
·
총 5일 / 2월 24~28일
·
09:00~18:00 협의",이미지 없음,https://www.daangn.com/kr/jobs/%EA%B0%95%EC%95%84%EC%A7%80-%EB%91%90%EB%A7%88%EB%A6%AC-24%EC%9D%BC%EB%B6%80%ED%84%B0-4%EC%9D%BC%EB%8F%99%EC%95%88-%EA%B0%80%EC%A0%95%EB%8F%8C%EB%B4%84-acv6oowtz68c/?in=%EC%A4%91%EA%B5%AC-%EC%84%B1%EB%8F%99%EA%B5%AC-4172,2025-02-17 15:35:02
중구-성동구,강아지,강아지 산책과 놀아주실 소중한 분을 모십니다!,"이웃알바
·
서생면
·
21시간 전","건당 5만원
·
총 7일 / 2월 16~22일
·
09:00~18:00 협의",이미지 없음,https://www.daangn.com/kr/jobs/%EA%B0%95%EC%95%84%EC%A7%80-%EC%82%B0%EC%B1%85%EA%B3%BC-%EB%86%80%EC%95%84%EC%A3%BC%EC%8B%A4-%EC%86%8C%EC%A4%91%ED%95%9C-%EB%B6%84%EC%9D%84-%EB%AA%A8%EC%8B%AD%EB%8B%88%EB%8B%A4-191zm62bagnc/?in=%EC%A4%91%EA%B5%AC-%EC%84%B1%EB%8F%99%EA%B5%AC-4172,2025-02-17 15:35:02
중구-성동구,강아지,강아지 안무서워 하시는 분 계실까요..ㅜ,"이웃알바
·
흑석동
·
22시간 전","시급 1만 1,000원
·
총 24일 / 2월 23일~3월 18일
·
09:00~18:00 협의",이미지 없음,https://www.daangn.com/kr/jobs/%EA%B0%95%EC%95%84%EC%A7%80-%EC%95%88%EB%AC%B4%EC%84%9C%EC%9B%8C-%ED%95%98%EC%8B%9C%EB%8A%94-%EB%B6%84-%EA%B3%84%EC%8B%A4%EA%B9%8C%EC%9A%94-xd9gtzxweopp/?in=%EC%A4%91%EA%B5%AC-%EC%84%B1%EB%8F%99%EA%B5%AC-4172,2025-02-17 15:35:02
중구-성동구,강아지,강아지산책+돌봄,"이웃알바
·
부평동
·
22시간 전","건당 5만원
·
월~금
·
09:00~18:00 협의",이미지 없음,https://www.daangn.com/kr/jobs/%EA%B0%95%EC%95%84%EC%A7%80%EC%82%B0%EC%B1%85-%EB%8F%8C%EB%B4%84-ghzp9hmfjtf3/?in=%EC%A4%91%EA%B5%AC-%EC%84%B1%EB%8F%99%EA%B5%AC-4172,2025-02-17 15:35:02
중구-성동구,강아지,강아지 돌봄,"이웃알바
·
우만동
·
23시간 전","시급 1만 30원
·
총 3일 / 2월 21~23일
·
09:00~18:00 협의",이미지 없음,https://www.daangn.com/kr/jobs/%EA%B0%95%EC%95%84%EC%A7%80-%EB%8F%8C%EB%B4%84-k2iiy2yymzyx/?in=%EC%A4%91%EA%B5%AC-%EC%84%B1%EB%8F%99%EA%B5%AC-4172,2025-02-17 15:35:02
중구-성동구,강아지,강아지 산책시터,"이웃알바
·
석전동
·
24시간 전","시급 1만 5,000원
·
월, 수, 금
·
12:00~14:30",이미지 없음,https://www.daangn.com/kr/jobs/%EA%B0%95%EC%95%84%EC%A7%80-%EC%82%B0%EC%B1%85%EC%8B%9C%ED%84%B0-9hjigouhwap8/?in=%EC%A4%91%EA%B5%AC-%EC%84%B1%EB%8F%99%EA%B5%AC-4172,2025-02-17 15:35:02
중구-성동구,강아지,평택역 애견샵 오전 2시간 강아지케어 및 청소 알바,"드림독안심분양센터 평택점
·
평택동
·
1일 전","시급 1만 1,500원
·
월, 화, 수, 목, 토, 일
·
10:00~12:00",이미지 없음,https://www.daangn.com/kr/jobs/%ED%8F%89%ED%83%9D%EC%97%AD-%EC%95%A0%EA%B2%AC%EC%83%B5-%EC%98%A4%EC%A0%84-2%EC%8B%9C%EA%B0%84-%EA%B0%95%EC%95%84%EC%A7%80%EC%BC%80%EC%96%B4-%EB%B0%8F-%EC%B2%AD%EC%86%8C-%EC%95%8C%EB%B0%94-3cukqwjy4vwg/?in=%EC%A4%91%EA%B5%AC-%EC%84%B1%EB%8F%99%EA%B5%AC-4172,2025-02-17 15:35:02
중구-성동구,강아지,강아지 미용사 모집,"싸다구 펫
·
연수동
·
1일 전","일급 5만원
·
월~일
·
10:00~22:00 협의",이미지 없음,https://www.daangn.com/kr/jobs/%EA%B0%95%EC%95%84%EC%A7%80-%EB%AF%B8%EC%9A%A9%EC%82%AC-%EB%AA%A8%EC%A7%91-4um2qybra13n/?in=%EC%A4%91%EA%B5%AC-%EC%84%B1%EB%8F%99%EA%B5%AC-4172,2025-02-17 15:35:03
중구-성동구,강아지,강아지돌봄알바,"이웃알바
·
도마동
·
1일 전","건당 5만원
·
총 2일 / 2월 26~28일 중
·
09:00~18:00 협의",이미지 없음,https://www.daangn.com/kr/jobs/%EA%B0%95%EC%95%84%EC%A7%80%EB%8F%8C%EB%B4%84%EC%95%8C%EB%B0%94-hqajnjocxwic/?in=%EC%A4%91%EA%B5%AC-%EC%84%B1%EB%8F%99%EA%B5%AC-4172,2025-02-17 15:35:03
중구-성동구,강아지,11개월 아기랑 월요일 2시간씩 놀아주실 분 찾아요,"이웃알바
·
연산동
·
17시간 전","시급 1만 1,000원
·
월
·
09:00~18:00 협의",이미지 없음,https://www.daangn.com/kr/jobs/11%EA%B0%9C%EC%9B%94-%EC%95%84%EA%B8%B0%EB%9E%91-%EC%9B%94%EC%9A%94%EC%9D%BC-2%EC%8B%9C%EA%B0%84%EC%94%A9-%EB%86%80%EC%95%84%EC%A3%BC%EC%8B%A4-%EB%B6%84-%EC%B0%BE%EC%95%84%EC%9A%94-k4vu5grw9u25/?in=%EC%A4%91%EA%B5%AC-%EC%84%B1%EB%8F%99%EA%B5%AC-4172,2025-02-17 15:35:03
중구-성동구,강아지,애견샵 매장 청소 및 정리정돈,"솔직하개정직하개
·
방학동
·
19시간 전","시급 1만 5,000원
·
월, 화, 수, 금, 토, 일
·
09:00~13:00",이미지 없음,https://www.daangn.com/kr/jobs/%EC%95%A0%EA%B2%AC%EC%83%B5-%EB%A7%A4%EC%9E%A5-%EC%B2%AD%EC%86%8C-%EB%B0%8F-%EC%A0%95%EB%A6%AC%EC%A0%95%EB%8F%88-k87j4hh261i9/?in=%EC%A4%91%EA%B5%AC-%EC%84%B1%EB%8F%99%EA%B5%AC-4172,2025-02-17 15:35:03
중구-성동구,강아지,베이비시터 구합니다 외국인 가능,"이웃알바
·
주덕읍
·
21시간 전","시급 1만 1,000원
·
월~일
·
09:00~18:00 협의",이미지 없음,https://www.daangn.com/kr/jobs/%EB%B2%A0%EC%9D%B4%EB%B9%84%EC%8B%9C%ED%84%B0-%EA%B5%AC%ED%95%A9%EB%8B%88%EB%8B%A4-%EC%99%B8%EA%B5%AD%EC%9D%B8-%EA%B0%80%EB%8A%A5-akbyjt62mic3/?in=%EC%A4%91%EA%B5%AC-%EC%84%B1%EB%8F%99%EA%B5%AC-4172,2025-02-17 15:35:03
중구-성동구,강아지,6개월 여자아이 돌봄 원해요,"이웃알바
·
조남동
·
21시간 전","시급 1만 2,300원
·
토
·
09:00~18:00 협의",이미지 없음,https://www.daangn.com/kr/jobs/6%EA%B0%9C%EC%9B%94-%EC%97%AC%EC%9E%90%EC%95%84%EC%9D%B4-%EB%8F%8C%EB%B4%84-%EC%9B%90%ED%95%B4%EC%9A%94-mqrxxvkuysrj/?in=%EC%A4%91%EA%B5%AC-%EC%84%B1%EB%8F%99%EA%B5%AC-4172,2025-02-17 15:35:03
중구-성동구,강아지,가사도우미 구합니다,"이웃알바
·
상동
·
22시간 전","건당 5만원
·
2월 26일
·
09:00~12:00",이미지 없음,https://www.daangn.com/kr/jobs/%EA%B0%80%EC%82%AC%EB%8F%84%EC%9A%B0%EB%AF%B8-%EA%B5%AC%ED%95%A9%EB%8B%88%EB%8B%A4-wjorh8mgptrr/?in=%EC%A4%91%EA%B5%AC-%EC%84%B1%EB%8F%99%EA%B5%AC-4172,2025-02-17 15:35:03
중구-성동구,강아지,호텔델루멍 픽드랍 기사님 모셔요,"호텔델루멍
·
팽성읍
·
22시간 전","시급 1만 1,000원
·
월, 수, 금
·
08:00~10:00",이미지 없음,https://www.daangn.com/kr/jobs/%ED%98%B8%ED%85%94%EB%8D%B8%EB%A3%A8%EB%A9%8D-%ED%94%BD%EB%93%9C%EB%9E%8D-%EA%B8%B0%EC%82%AC%EB%8B%98-%EB%AA%A8%EC%85%94%EC%9A%94-zhg5g188eynr/?in=%EC%A4%91%EA%B5%AC-%EC%84%B1%EB%8F%99%EA%B5%AC-4172,2025-02-17 15:35:03
중구-성동구,강아지,반려동물(강아지) 산책 해주실분 구합니다~,"이웃알바
·
중동
·
2일 전","시급 1만 1,000원
·
월~금
·
09:00~18:00 협의",이미지 없음,https://www.daangn.com/kr/jobs/%EB%B0%98%EB%A0%A4%EB%8F%99%EB%AC%BC-%EA%B0%95%EC%95%84%EC%A7%80-%EC%82%B0%EC%B1%85-%ED%95%B4%EC%A3%BC%EC%8B%A4%EB%B6%84-%EA%B5%AC%ED%95%A9%EB%8B%88%EB%8B%A4-x9a9zfziwnvx/?in=%EC%A4%91%EA%B5%AC-%EC%84%B1%EB%8F%99%EA%B5%AC-4172,2025-02-17 15:35:03
중구-성동구,강아지,오전에 강아지 고양이 케어해주실분 구합니다,"버디독 강서점
·
화곡동
·
2일 전","월급 25만원
·
금~일
·
10:00~12:00",이미지 없음,https://www.daangn.com/kr/jobs/%EC%98%A4%EC%A0%84%EC%97%90-%EA%B0%95%EC%95%84%EC%A7%80-%EA%B3%A0%EC%96%91%EC%9D%B4-%EC%BC%80%EC%96%B4%ED%95%B4%EC%A3%BC%EC%8B%A4%EB%B6%84-%EA%B5%AC%ED%95%A9%EB%8B%88%EB%8B%A4-ya1523ote8qd/?in=%EC%A4%91%EA%B5%AC-%EC%84%B1%EB%8F%99%EA%B5%AC-4172,2025-02-17 15:35:03
중구-성동구,강아지,강아지돌봄 펫시터,"이웃알바
·
다산동
·
2일 전","건당 2만원
·
수
·
09:00~18:00 협의",이미지 없음,https://www.daangn.com/kr/jobs/%EA%B0%95%EC%95%84%EC%A7%80%EB%8F%8C%EB%B4%84-%ED%8E%AB%EC%8B%9C%ED%84%B0-5d3tzpxt1xjk/?in=%EC%A4%91%EA%B5%AC-%EC%84%B1%EB%8F%99%EA%B5%AC-4172,2025-02-17 15:35:03
중구-성동구,강아지,대형견 애견호텔 풀타임 직원 구인,"댄싱도그
·
신둔면
·
1일 전","월급 235만원
·
월, 목, 금, 토, 일
·
08:00~18:00 협의",이미지 없음,https://www.daangn.com/kr/jobs/%EB%8C%80%ED%98%95%EA%B2%AC-%EC%95%A0%EA%B2%AC%ED%98%B8%ED%85%94-%ED%92%80%ED%83%80%EC%9E%84-%EC%A7%81%EC%9B%90-%EA%B5%AC%EC%9D%B8-9ogownjtiyyy/?in=%EC%A4%91%EA%B5%AC-%EC%84%B1%EB%8F%99%EA%B5%AC-4172,2025-02-17 15:35:03
중구-성동구,강아지,애견카페 알바구합니다,"피터펫안산점
·
본오동
·
1일 전","시급 1만 30원
·
월~화
·
09:00~15:30",이미지 없음,https://www.daangn.com/kr/jobs/%EC%95%A0%EA%B2%AC%EC%B9%B4%ED%8E%98-%EC%95%8C%EB%B0%94%EA%B5%AC%ED%95%A9%EB%8B%88%EB%8B%A4-8iwi4zs4w78h/?in=%EC%A4%91%EA%B5%AC-%EC%84%B1%EB%8F%99%EA%B5%AC-4172,2025-02-17 15:35:03
중구-성동구,강아지,강아지 미용사 모집,"싸다구 펫
·
연수동
·
2일 전","일급 5만원
·
월~일
·
10:00~22:00 협의",이미지 없음,https://www.daangn.com/kr/jobs/%EA%B0%95%EC%95%84%EC%A7%80-%EB%AF%B8%EC%9A%A9%EC%82%AC-%EB%AA%A8%EC%A7%91-dcqxv2kj13q4/?in=%EC%A4%91%EA%B5%AC-%EC%84%B1%EB%8F%99%EA%B5%AC-4172,2025-02-17 15:35:03
중구-성동구,강아지,강아지 돌봄,"이웃알바
·
개봉동
·
2일 전","건당 1만 1,000원
·
월~금
·
09:00~18:00 협의",이미지 없음,https://www.daangn.com/kr/jobs/%EA%B0%95%EC%95%84%EC%A7%80-%EB%8F%8C%EB%B4%84-1gyu1j1keewy/?in=%EC%A4%91%EA%B5%AC-%EC%84%B1%EB%8F%99%EA%B5%AC-4172,2025-02-17 15:35:03
중구-성동구,강아지,21일 저녁 ~24일 오후 강아지봐주실분,"이웃알바
·
화곡동
·
2일 전","건당 8만원
·
총 4일 / 2월 21~24일
·
09:00~18:00 협의",이미지 없음,https://www.daangn.com/kr/jobs/21%EC%9D%BC-%EC%A0%80%EB%85%81-24%EC%9D%BC-%EC%98%A4%ED%9B%84-%EA%B0%95%EC%95%84%EC%A7%80%EB%B4%90%EC%A3%BC%EC%8B%A4%EB%B6%84-4rfju19qa61x/?in=%EC%A4%91%EA%B5%AC-%EC%84%B1%EB%8F%99%EA%B5%AC-4172,2025-02-17 15:35:03
중구-성동구,강아지,2월21일 강아지 돌봐주실 분 구해요.(am8-pm1),"이웃알바
·
일산동
·
2일 전","건당 2만원
·
2월 21일
·
08:00~13:00",이미지 없음,https://www.daangn.com/kr/jobs/2%EC%9B%9421%EC%9D%BC-%EA%B0%95%EC%95%84%EC%A7%80-%EB%8F%8C%EB%B4%90%EC%A3%BC%EC%8B%A4-%EB%B6%84-%EA%B5%AC%ED%95%B4%EC%9A%94-am8-pm1-t85w5nd7pwwc/?in=%EC%A4%91%EA%B5%AC-%EC%84%B1%EB%8F%99%EA%B5%AC-4172,2025-02-17 15:35:03
중구-성동구,강아지,[단기/급] 수원 메쎄 케이펫페어 판촉알바 금토일,"딩독
·
서둔동
·
1일 전","일급 9만원
·
총 3일 / 2월 21~23일
·
09:30~18:00",이미지 없음,https://www.daangn.com/kr/jobs/%EB%8B%A8%EA%B8%B0-%EA%B8%89-%EC%88%98%EC%9B%90-%EB%A9%94%EC%8E%84-%EC%BC%80%EC%9D%B4%ED%8E%AB%ED%8E%98%EC%96%B4-%ED%8C%90%EC%B4%89%EC%95%8C%EB%B0%94-%EA%B8%88%ED%86%A0%EC%9D%BC-2i862zm7zs2z/?in=%EC%A4%91%EA%B5%AC-%EC%84%B1%EB%8F%99%EA%B5%AC-4172,2025-02-17 15:35:03
중구-성동구,강아지,주말 강아지 선생님 구인,"이웃알바
·
불당동
·
2일 전","시급 1만 30원
·
토~일
·
08:00~15:00",이미지 없음,https://www.daangn.com/kr/jobs/%EC%A3%BC%EB%A7%90-%EA%B0%95%EC%95%84%EC%A7%80-%EC%84%A0%EC%83%9D%EB%8B%98-%EA%B5%AC%EC%9D%B8-idnsdw4n93ng/?in=%EC%A4%91%EA%B5%AC-%EC%84%B1%EB%8F%99%EA%B5%AC-4172,2025-02-17 15:35:03
중구-성동구,강아지,집안일 도와주실 분 구해요,"이웃알바
·
단성면
·
1일 전","건당 1만 5,000원
·
월~일
·
15:00~19:00",이미지 없음,https://www.daangn.com/kr/jobs/%EC%A7%91%EC%95%88%EC%9D%BC-%EB%8F%84%EC%99%80%EC%A3%BC%EC%8B%A4-%EB%B6%84-%EA%B5%AC%ED%95%B4%EC%9A%94-orpgfzbrecs4/?in=%EC%A4%91%EA%B5%AC-%EC%84%B1%EB%8F%99%EA%B5%AC-4172,2025-02-17 15:35:03
중구-성동구,강아지,봇들1단지 거주주민중 강아지 케어 해주실 분 찾아요,"이웃알바
·
삼평동
·
2일 전","건당 1만원
·
월~금
·
14:00~18:00",이미지 없음,https://www.daangn.com/kr/jobs/%EB%B4%87%EB%93%A41%EB%8B%A8%EC%A7%80-%EA%B1%B0%EC%A3%BC%EC%A3%BC%EB%AF%BC%EC%A4%91-%EA%B0%95%EC%95%84%EC%A7%80-%EC%BC%80%EC%96%B4-%ED%95%B4%EC%A3%BC%EC%8B%A4-%EB%B6%84-%EC%B0%BE%EC%95%84%EC%9A%94-h7n44xcup1b1/?in=%EC%A4%91%EA%B5%AC-%EC%84%B1%EB%8F%99%EA%B5%AC-4172,2025-02-17 15:35:03
중구-성동구,강아지,호텔프론트 및 청소,"힐스노클비치호텔
·
근덕면
·
1일 전","월급 250만원
·
월, 화, 목, 금, 토, 일
·
10:00~20:00",이미지 없음,https://www.daangn.com/kr/jobs/%ED%98%B8%ED%85%94%ED%94%84%EB%A1%A0%ED%8A%B8-%EB%B0%8F-%EC%B2%AD%EC%86%8C-wc7phoam5ijk/?in=%EC%A4%91%EA%B5%AC-%EC%84%B1%EB%8F%99%EA%B5%AC-4172,2025-02-17 15:35:03
중구-성동구,강아지,애견유치원/호텔 매장관리,"도기야드
·
동천동
·
1일 전","시급 1만 30원
·
월~금
·
08:00~20:00",이미지 없음,https://www.daangn.com/kr/jobs/%EC%95%A0%EA%B2%AC%EC%9C%A0%EC%B9%98%EC%9B%90-%ED%98%B8%ED%85%94-%EB%A7%A4%EC%9E%A5%EA%B4%80%EB%A6%AC-66nedgkmrc5x/?in=%EC%A4%91%EA%B5%AC-%EC%84%B1%EB%8F%99%EA%B5%AC-4172,2025-02-17 15:35:03
중구-성동구,강아지,급구)단기 냉동 식품공장 알바구합니다.,"(주)룰루펫푸드
·
팔탄면
·
1일 전","시급 1만 30원
·
월~금
·
10:00~18:00 협의",이미지 없음,https://www.daangn.com/kr/jobs/%EA%B8%89%EA%B5%AC-%EB%8B%A8%EA%B8%B0-%EB%83%89%EB%8F%99-%EC%8B%9D%ED%92%88%EA%B3%B5%EC%9E%A5-%EC%95%8C%EB%B0%94%EA%B5%AC%ED%95%A9%EB%8B%88%EB%8B%A4-iw1ehopfs1ct/?in=%EC%A4%91%EA%B5%AC-%EC%84%B1%EB%8F%99%EA%B5%AC-4172,2025-02-17 15:35:03
중구-성동구,강아지,25개월 여아 하원도우미 선생님 구합니다,"이웃알바
·
등촌동
·
2일 전","건당 1만 5,000원
·
2월 28일
·
09:00~18:00 협의",이미지 없음,https://www.daangn.com/kr/jobs/25%EA%B0%9C%EC%9B%94-%EC%97%AC%EC%95%84-%ED%95%98%EC%9B%90%EB%8F%84%EC%9A%B0%EB%AF%B8-%EC%84%A0%EC%83%9D%EB%8B%98-%EA%B5%AC%ED%95%A9%EB%8B%88%EB%8B%A4-8d94m1skrqkq/?in=%EC%A4%91%EA%B5%AC-%EC%84%B1%EB%8F%99%EA%B5%AC-4172,2025-02-17 15:35:03
중구-성동구,강아지,우리 강아지 밤마다 기절시킬 프로 산책러 괌.,"이웃알바
·
중동
·
3일 전","건당 1만원
·
월~금
·
09:00~18:00 협의",이미지 없음,https://www.daangn.com/kr/jobs/%EC%9A%B0%EB%A6%AC-%EA%B0%95%EC%95%84%EC%A7%80-%EB%B0%A4%EB%A7%88%EB%8B%A4-%EA%B8%B0%EC%A0%88%EC%8B%9C%ED%82%AC-%ED%94%84%EB%A1%9C-%EC%82%B0%EC%B1%85%EB%9F%AC-%EA%B4%8C-wbeddndi1i1v/?in=%EC%A4%91%EA%B5%AC-%EC%84%B1%EB%8F%99%EA%B5%AC-4172,2025-02-17 15:35:03
중구-성동구,강아지,강아지를부탁해 파트타임 직원구합니다,"강아지를부탁해
·
송현동
·
3일 전","시급 1만 30원
·
화~일
·
09:00~01:00 협의",이미지 없음,https://www.daangn.com/kr/jobs/%EA%B0%95%EC%95%84%EC%A7%80%EB%A5%BC%EB%B6%80%ED%83%81%ED%95%B4-%ED%8C%8C%ED%8A%B8%ED%83%80%EC%9E%84-%EC%A7%81%EC%9B%90%EA%B5%AC%ED%95%A9%EB%8B%88%EB%8B%A4-1hhpy8v81ff2/?in=%EC%A4%91%EA%B5%AC-%EC%84%B1%EB%8F%99%EA%B5%AC-4172,2025-02-17 15:35:03
중구-성동구,강아지,강아지 5일동안 돌봐주실분 구해요,"이웃알바
·
신림동
·
3일 전","건당 15만원
·
총 6일 / 3월 1~6일
·
09:00~18:00 협의",이미지 없음,https://www.daangn.com/kr/jobs/%EA%B0%95%EC%95%84%EC%A7%80-5%EC%9D%BC%EB%8F%99%EC%95%88-%EB%8F%8C%EB%B4%90%EC%A3%BC%EC%8B%A4%EB%B6%84-%EA%B5%AC%ED%95%B4%EC%9A%94-9syntmpm25bj/?in=%EC%A4%91%EA%B5%AC-%EC%84%B1%EB%8F%99%EA%B5%AC-4172,2025-02-17 15:35:03
중구-성동구,강아지,강아지 산책,"이웃알바
·
공단동
·
3일 전","건당 1만원
·
월~금
·
09:00~18:00 협의",이미지 없음,https://www.daangn.com/kr/jobs/%EA%B0%95%EC%95%84%EC%A7%80-%EC%82%B0%EC%B1%85-ht4g7f78gefg/?in=%EC%A4%91%EA%B5%AC-%EC%84%B1%EB%8F%99%EA%B5%AC-4172,2025-02-17 15:35:03
중구-성동구,고양이,고양이 시터 구합니다,"이웃알바
·
용암동
·
1시간 전","건당 3만원
·
총 7일 / 오늘~2월 23일
·
09:00~18:00 협의",이미지 없음,https://www.daangn.com/kr/jobs/%EA%B3%A0%EC%96%91%EC%9D%B4-%EC%8B%9C%ED%84%B0-%EA%B5%AC%ED%95%A9%EB%8B%88%EB%8B%A4-jt3yvijqprkv/?in=%EC%A4%91%EA%B5%AC-%EC%84%B1%EB%8F%99%EA%B5%AC-4172,2025-02-17 15:35:05
중구-성동구,고양이,고양이 케이지에 넣는거 도와주실 분,"이웃알바
·
연남동
·
6분 전","건당 1만원
·
내일
·
09:00~18:00 협의",이미지 없음,https://www.daangn.com/kr/jobs/%EA%B3%A0%EC%96%91%EC%9D%B4-%EC%BC%80%EC%9D%B4%EC%A7%80%EC%97%90-%EB%84%A3%EB%8A%94%EA%B1%B0-%EB%8F%84%EC%99%80%EC%A3%BC%EC%8B%A4-%EB%B6%84-1ecj799ar4y3/?in=%EC%A4%91%EA%B5%AC-%EC%84%B1%EB%8F%99%EA%B5%AC-4172,2025-02-17 15:35:05
중구-성동구,고양이,"고양이 잠깐 맡아주실 분(전민동 삼성푸른, 세종아파트)","이웃알바
·
전민동
·
2시간 전","건당 1만원
·
3월 19일
·
09:00~18:00 협의",https://img.kr.gcp-karroter.net/jobs/article/1220450/1739765635242/1027743708.jpeg?q=95&s=1440x1440&t=inside,https://www.daangn.com/kr/jobs/%EA%B3%A0%EC%96%91%EC%9D%B4-%EC%9E%A0%EA%B9%90-%EB%A7%A1%EC%95%84%EC%A3%BC%EC%8B%A4-%EB%B6%84-%EC%A0%84%EB%AF%BC%EB%8F%99-%EC%82%BC%EC%84%B1%ED%91%B8%EB%A5%B8-%EC%84%B8%EC%A2%85%EC%95%84%ED%8C%8C%ED%8A%B8-2k9kmfzkg99s/?in=%EC%A4%91%EA%B5%AC-%EC%84%B1%EB%8F%99%EA%B5%AC-4172,2025-02-17 15:35:05
중구-성동구,고양이,이삿짐 싸는거 도와주실분 오전두시간,"이웃알바
·
강정동
·
2시간 전","건당 2만 5,000원
·
내일
·
09:00~18:00 협의",https://img.kr.gcp-karroter.net/jobs/article/22594025/1739765614877/3834564733.jpeg?q=95&s=1440x1440&t=inside,https://www.daangn.com/kr/jobs/%EC%9D%B4%EC%82%BF%EC%A7%90-%EC%8B%B8%EB%8A%94%EA%B1%B0-%EB%8F%84%EC%99%80%EC%A3%BC%EC%8B%A4%EB%B6%84-%EC%98%A4%EC%A0%84%EB%91%90%EC%8B%9C%EA%B0%84-e12b7ubqb3ub/?in=%EC%A4%91%EA%B5%AC-%EC%84%B1%EB%8F%99%EA%B5%AC-4172,2025-02-17 15:35:05
중구-성동구,고양이,집 청소 해주실분 찾아요,"이웃알바
·
세류동
·
3시간 전","건당 7만원
·
오늘
·
09:00~18:00 협의",이미지 없음,https://www.daangn.com/kr/jobs/%EC%A7%91-%EC%B2%AD%EC%86%8C-%ED%95%B4%EC%A3%BC%EC%8B%A4%EB%B6%84-%EC%B0%BE%EC%95%84%EC%9A%94-zzui3g1n7n24/?in=%EC%A4%91%EA%B5%AC-%EC%84%B1%EB%8F%99%EA%B5%AC-4172,2025-02-17 15:35:05
중구-성동구,고양이,7세 여아 등원 도움 주실 분 모십니다 :),"이웃알바
·
노량진동
·
5시간 전","건당 1만 3,000원
·
월~금
·
08:00~09:00",이미지 없음,https://www.daangn.com/kr/jobs/7%EC%84%B8-%EC%97%AC%EC%95%84-%EB%93%B1%EC%9B%90-%EB%8F%84%EC%9B%80-%EC%A3%BC%EC%8B%A4-%EB%B6%84-%EB%AA%A8%EC%8B%AD%EB%8B%88%EB%8B%A4-hd7aqrhxcjnc/?in=%EC%A4%91%EA%B5%AC-%EC%84%B1%EB%8F%99%EA%B5%AC-4172,2025-02-17 15:35:05
중구-성동구,고양이,무마취고양이미용 멜로우캣살롱에서 보조선생님을 모집합니다,"멜로우캣살롱
·
좌동
·
1일 전","건당 1만 2,000원
·
월~일
·
10:00~16:30 협의",이미지 없음,https://www.daangn.com/kr/jobs/%EB%AC%B4%EB%A7%88%EC%B7%A8%EA%B3%A0%EC%96%91%EC%9D%B4%EB%AF%B8%EC%9A%A9-%EB%A9%9C%EB%A1%9C%EC%9A%B0%EC%BA%A3%EC%82%B4%EB%A1%B1%EC%97%90%EC%84%9C-%EB%B3%B4%EC%A1%B0%EC%84%A0%EC%83%9D%EB%8B%98%EC%9D%84-%EB%AA%A8%EC%A7%91%ED%95%A9%EB%8B%88%EB%8B%A4-mtcb2rx4x5bn/?in=%EC%A4%91%EA%B5%AC-%EC%84%B1%EB%8F%99%EA%B5%AC-4172,2025-02-17 15:35:05
중구-성동구,고양이,브랜드 Glossy 물류/생산보조 파트타이머 구인공고,"시선(SEE-SUN)
·
독산동
·
18시간 전","시급 1만 1,000원
·
월~금
·
13:00~18:30",이미지 없음,https://www.daangn.com/kr/jobs/%EB%B8%8C%EB%9E%9C%EB%93%9C-glossy-%EB%AC%BC%EB%A5%98-%EC%83%9D%EC%82%B0%EB%B3%B4%EC%A1%B0-%ED%8C%8C%ED%8A%B8%ED%83%80%EC%9D%B4%EB%A8%B8-%EA%B5%AC%EC%9D%B8%EA%B3%B5%EA%B3%A0-hj89s1n5otfa/?in=%EC%A4%91%EA%B5%AC-%EC%84%B1%EB%8F%99%EA%B5%AC-4172,2025-02-17 15:35:05
중구-성동구,고양이,[단기] 브랜드 Glossy 물류 파트타이머 구인공고,"시선(SEE-SUN)
·
독산동
·
18시간 전","시급 1만 1,000원
·
총 5일 / 오늘~2월 21일
·
13:00~18:30",이미지 없음,https://www.daangn.com/kr/jobs/%EB%8B%A8%EA%B8%B0-%EB%B8%8C%EB%9E%9C%EB%93%9C-glossy-%EB%AC%BC%EB%A5%98-%ED%8C%8C%ED%8A%B8%ED%83%80%EC%9D%B4%EB%A8%B8-%EA%B5%AC%EC%9D%B8%EA%B3%B5%EA%B3%A0-2jgxcv5xr87k/?in=%EC%A4%91%EA%B5%AC-%EC%84%B1%EB%8F%99%EA%B5%AC-4172,2025-02-17 15:35:05
중구-성동구,고양이,"주5일, 20개월 여아 하원 도우미","이웃알바
·
정자동
·
21시간 전","시급 1만 3,000원
·
월~금
·
16:00~20:30",이미지 없음,https://www.daangn.com/kr/jobs/%EC%A3%BC5%EC%9D%BC-20%EA%B0%9C%EC%9B%94-%EC%97%AC%EC%95%84-%ED%95%98%EC%9B%90-%EB%8F%84%EC%9A%B0%EB%AF%B8-kwmiv8jhrsbs/?in=%EC%A4%91%EA%B5%AC-%EC%84%B1%EB%8F%99%EA%B5%AC-4172,2025-02-17 15:35:05
중구-성동구,고양이,순한 고양이 3마리 돌봄알바 하실분,"이웃알바
·
내당동
·
1일 전","건당 1만원
·
화, 금, 일
·
09:00~18:00 협의",이미지 없음,https://www.daangn.com/kr/jobs/%EC%88%9C%ED%95%9C-%EA%B3%A0%EC%96%91%EC%9D%B4-3%EB%A7%88%EB%A6%AC-%EB%8F%8C%EB%B4%84%EC%95%8C%EB%B0%94-%ED%95%98%EC%8B%A4%EB%B6%84-ko66mnf8ojf9/?in=%EC%A4%91%EA%B5%AC-%EC%84%B1%EB%8F%99%EA%B5%AC-4172,2025-02-17 15:35:05
중구-성동구,고양이,고양이 사랑으로 돌봄 가능하신분 구합니다,"이웃알바
·
당하동
·
1일 전","건당 30만원
·
월~일
·
09:00~18:00 협의",이미지 없음,https://www.daangn.com/kr/jobs/%EA%B3%A0%EC%96%91%EC%9D%B4-%EC%82%AC%EB%9E%91%EC%9C%BC%EB%A1%9C-%EB%8F%8C%EB%B4%84-%EA%B0%80%EB%8A%A5%ED%95%98%EC%8B%A0%EB%B6%84-%EA%B5%AC%ED%95%A9%EB%8B%88%EB%8B%A4-iw89twrow261/?in=%EC%A4%91%EA%B5%AC-%EC%84%B1%EB%8F%99%EA%B5%AC-4172,2025-02-17 15:35:05
중구-성동구,고양이,오프라인 매장 관리 판매 파트타임 모집,"무릎냥이 동동이네
·
진영읍
·
1일 전","시급 1만 30원
·
월~토
·
10:00~13:00",이미지 없음,https://www.daangn.com/kr/jobs/%EC%98%A4%ED%94%84%EB%9D%BC%EC%9D%B8-%EB%A7%A4%EC%9E%A5-%EA%B4%80%EB%A6%AC-%ED%8C%90%EB%A7%A4-%ED%8C%8C%ED%8A%B8%ED%83%80%EC%9E%84-%EB%AA%A8%EC%A7%91-onwivdbt1zdz/?in=%EC%A4%91%EA%B5%AC-%EC%84%B1%EB%8F%99%EA%B5%AC-4172,2025-02-17 15:35:05
중구-성동구,고양이,"주5일, 20개월 여아 하원도우미 구합니다.","이웃알바
·
정자동
·
1일 전","시급 1만 3,000원
·
월~금
·
16:00~20:30",이미지 없음,https://www.daangn.com/kr/jobs/%EC%A3%BC5%EC%9D%BC-20%EA%B0%9C%EC%9B%94-%EC%97%AC%EC%95%84-%ED%95%98%EC%9B%90%EB%8F%84%EC%9A%B0%EB%AF%B8-%EA%B5%AC%ED%95%A9%EB%8B%88%EB%8B%A4-bg6ems95j9ko/?in=%EC%A4%91%EA%B5%AC-%EC%84%B1%EB%8F%99%EA%B5%AC-4172,2025-02-17 15:35:05
중구-성동구,고양이,주얼리 포장/ 각인 알바 월화 추가 채용해요,"주식회사 카와이
·
번동
·
2일 전","시급 1만 30원
·
월~화
·
12:00~16:00 협의",이미지 없음,https://www.daangn.com/kr/jobs/%EC%A3%BC%EC%96%BC%EB%A6%AC-%ED%8F%AC%EC%9E%A5-%EA%B0%81%EC%9D%B8-%EC%95%8C%EB%B0%94-%EC%9B%94%ED%99%94-%EC%B6%94%EA%B0%80-%EC%B1%84%EC%9A%A9%ED%95%B4%EC%9A%94-5ybtjrgzubqy/?in=%EC%A4%91%EA%B5%AC-%EC%84%B1%EB%8F%99%EA%B5%AC-4172,2025-02-17 15:35:05
중구-성동구,고양이,"베르데카페 목, 금 알바 구합니다.","베르데카페
·
태인면
·
2일 전","시급 1만 1,000원
·
목~금
·
11:30~21:00",이미지 없음,https://www.daangn.com/kr/jobs/%EB%B2%A0%EB%A5%B4%EB%8D%B0%EC%B9%B4%ED%8E%98-%EB%AA%A9-%EA%B8%88-%EC%95%8C%EB%B0%94-%EA%B5%AC%ED%95%A9%EB%8B%88%EB%8B%A4-jhmqkptuvzqn/?in=%EC%A4%91%EA%B5%AC-%EC%84%B1%EB%8F%99%EA%B5%AC-4172,2025-02-17 15:35:05
중구-성동구,고양이,이자카야고양이에서 주방. 홀직원분 모십니다.,"이자카야고양이
·
삼천동1가
·
11일 전","월급 280만원
·
월~토
·
17:00~03:00",이미지 없음,https://www.daangn.com/kr/jobs/%EC%9D%B4%EC%9E%90%EC%B9%B4%EC%95%BC%EA%B3%A0%EC%96%91%EC%9D%B4%EC%97%90%EC%84%9C-%EC%A3%BC%EB%B0%A9-%ED%99%80%EC%A7%81%EC%9B%90%EB%B6%84-%EB%AA%A8%EC%8B%AD%EB%8B%88%EB%8B%A4-k89e4dgmz2sm/?in=%EC%A4%91%EA%B5%AC-%EC%84%B1%EB%8F%99%EA%B5%AC-4172,2025-02-17 15:35:05
중구-성동구,고양이,20개월 여아 하원도우미 구합니다,"이웃알바
·
정자동
·
2일 전","시급 1만 3,000원
·
월~금
·
16:00~20:30",이미지 없음,https://www.daangn.com/kr/jobs/20%EA%B0%9C%EC%9B%94-%EC%97%AC%EC%95%84-%ED%95%98%EC%9B%90%EB%8F%84%EC%9A%B0%EB%AF%B8-%EA%B5%AC%ED%95%A9%EB%8B%88%EB%8B%A4-myh6uwvmqk2k/?in=%EC%A4%91%EA%B5%AC-%EC%84%B1%EB%8F%99%EA%B5%AC-4172,2025-02-17 15:35:05
중구-성동구,고양이,"주5일, 20개월 여아 하원 도우미","이웃알바
·
정자동
·
2일 전","시급 1만 3,000원
·
월~금
·
16:00~20:30",이미지 없음,https://www.daangn.com/kr/jobs/%EC%A3%BC5%EC%9D%BC-20%EA%B0%9C%EC%9B%94-%EC%97%AC%EC%95%84-%ED%95%98%EC%9B%90-%EB%8F%84%EC%9A%B0%EB%AF%B8-u5bfuw5f865d/?in=%EC%A4%91%EA%B5%AC-%EC%84%B1%EB%8F%99%EA%B5%AC-4172,2025-02-17 15:35:05
중구-성동구,고양이,주 2회 집 청소 해주실 분 찾습니다,"이웃알바
·
형곡동
·
3일 전","건당 4만원
·
수, 토, 일
·
09:00~18:00 협의",이미지 없음,https://www.daangn.com/kr/jobs/%EC%A3%BC-2%ED%9A%8C-%EC%A7%91-%EC%B2%AD%EC%86%8C-%ED%95%B4%EC%A3%BC%EC%8B%A4-%EB%B6%84-%EC%B0%BE%EC%8A%B5%EB%8B%88%EB%8B%A4-gxsz7zn2fw5v/?in=%EC%A4%91%EA%B5%AC-%EC%84%B1%EB%8F%99%EA%B5%AC-4172,2025-02-17 15:35:05
중구-성동구,고양이,피규어 관리해주실 분 구합니다!,"이웃알바
·
용암동
·
4일 전","시급 2만원
·
월~일
·
09:00~18:00 협의",이미지 없음,https://www.daangn.com/kr/jobs/%ED%94%BC%EA%B7%9C%EC%96%B4-%EA%B4%80%EB%A6%AC%ED%95%B4%EC%A3%BC%EC%8B%A4-%EB%B6%84-%EA%B5%AC%ED%95%A9%EB%8B%88%EB%8B%A4-xi9s1idxh4z7/?in=%EC%A4%91%EA%B5%AC-%EC%84%B1%EB%8F%99%EA%B5%AC-4172,2025-02-17 15:35:05
중구-성동구,고양이,"고양이 돌봄(3/27,28,29,30)","이웃알바
·
산본동
·
4일 전","건당 1만원
·
목~일
·
09:00~18:00 협의",이미지 없음,https://www.daangn.com/kr/jobs/%EA%B3%A0%EC%96%91%EC%9D%B4-%EB%8F%8C%EB%B4%84-3-27-28-29-30-5g7t8yuods13/?in=%EC%A4%91%EA%B5%AC-%EC%84%B1%EB%8F%99%EA%B5%AC-4172,2025-02-17 15:35:05
중구-성동구,고양이,나비캣에서 함께 근무할 직원을 구합니다,"고양이 나비캣 강남점
·
논현동
·
4일 전","시급 1만 500원
·
월, 화, 수, 금, 토, 일
·
11:00~15:00 협의",이미지 없음,https://www.daangn.com/kr/jobs/%EB%82%98%EB%B9%84%EC%BA%A3%EC%97%90%EC%84%9C-%ED%95%A8%EA%BB%98-%EA%B7%BC%EB%AC%B4%ED%95%A0-%EC%A7%81%EC%9B%90%EC%9D%84-%EA%B5%AC%ED%95%A9%EB%8B%88%EB%8B%A4-w6muha5fkx98/?in=%EC%A4%91%EA%B5%AC-%EC%84%B1%EB%8F%99%EA%B5%AC-4172,2025-02-17 15:35:05
중구-성동구,고양이,아이돌봄 구해요,"이웃알바
·
태평동
·
4일 전","시급 1만 1,000원
·
토
·
09:00~21:00",이미지 없음,https://www.daangn.com/kr/jobs/%EC%95%84%EC%9D%B4%EB%8F%8C%EB%B4%84-%EA%B5%AC%ED%95%B4%EC%9A%94-e326u2jajzgy/?in=%EC%A4%91%EA%B5%AC-%EC%84%B1%EB%8F%99%EA%B5%AC-4172,2025-02-17 15:35:05
중구-성동구,고양이,펫도어 설치,"이웃알바
·
원평동
·
4일 전","건당 5만원
·
내일
·
09:00~18:00 협의",이미지 없음,https://www.daangn.com/kr/jobs/%ED%8E%AB%EB%8F%84%EC%96%B4-%EC%84%A4%EC%B9%98-s5a3edajdugo/?in=%EC%A4%91%EA%B5%AC-%EC%84%B1%EB%8F%99%EA%B5%AC-4172,2025-02-17 15:35:05
중구-성동구,고양이,집 청소 및 간단한 청소 도와주실 분 찾습니다.,"이웃알바
·
동춘동
·
4일 전","건당 6만원
·
3월 11일
·
11:00~16:00",이미지 없음,https://www.daangn.com/kr/jobs/%EC%A7%91-%EC%B2%AD%EC%86%8C-%EB%B0%8F-%EA%B0%84%EB%8B%A8%ED%95%9C-%EC%B2%AD%EC%86%8C-%EB%8F%84%EC%99%80%EC%A3%BC%EC%8B%A4-%EB%B6%84-%EC%B0%BE%EC%8A%B5%EB%8B%88%EB%8B%A4-nb472mcoyym9/?in=%EC%A4%91%EA%B5%AC-%EC%84%B1%EB%8F%99%EA%B5%AC-4172,2025-02-17 15:35:05
중구-성동구,고양이,7개월 남아 아이돌봄 시터 풀타임 해주실분 구합니다,"이웃알바
·
철산동
·
5일 전","시급 1만 5,000원
·
월~금
·
08:00~19:00",이미지 없음,https://www.daangn.com/kr/jobs/7%EA%B0%9C%EC%9B%94-%EB%82%A8%EC%95%84-%EC%95%84%EC%9D%B4%EB%8F%8C%EB%B4%84-%EC%8B%9C%ED%84%B0-%ED%92%80%ED%83%80%EC%9E%84-%ED%95%B4%EC%A3%BC%EC%8B%A4%EB%B6%84-%EA%B5%AC%ED%95%A9%EB%8B%88%EB%8B%A4-vgka3dqxw1bn/?in=%EC%A4%91%EA%B5%AC-%EC%84%B1%EB%8F%99%EA%B5%AC-4172,2025-02-17 15:35:05
중구-성동구,고양이,7개월아기 하원이후 돌봐주실 분 (엄마와 함께),"이웃알바
·
신봉동
·
6일 전","건당 1만 7,000원
·
월~금
·
16:30~20:30",이미지 없음,https://www.daangn.com/kr/jobs/7%EA%B0%9C%EC%9B%94%EC%95%84%EA%B8%B0-%ED%95%98%EC%9B%90%EC%9D%B4%ED%9B%84-%EB%8F%8C%EB%B4%90%EC%A3%BC%EC%8B%A4-%EB%B6%84-%EC%97%84%EB%A7%88%EC%99%80-%ED%95%A8%EA%BB%98-azk75hbu21e6/?in=%EC%A4%91%EA%B5%AC-%EC%84%B1%EB%8F%99%EA%B5%AC-4172,2025-02-17 15:35:05
중구-성동구,고양이,오피스텔 벽지 새로 도배하기,"이웃알바
·
전포동
·
7일 전","건당 20만원
·
월~일
·
09:00~18:00 협의",이미지 없음,https://www.daangn.com/kr/jobs/%EC%98%A4%ED%94%BC%EC%8A%A4%ED%85%94-%EB%B2%BD%EC%A7%80-%EC%83%88%EB%A1%9C-%EB%8F%84%EB%B0%B0%ED%95%98%EA%B8%B0-9zm2fyv489cj/?in=%EC%A4%91%EA%B5%AC-%EC%84%B1%EB%8F%99%EA%B5%AC-4172,2025-02-17 15:35:05
중구-성동구,고양이,피규어 관리 구인,"이웃알바
·
용암동
·
8일 전","시급 2만원
·
월~금
·
09:00~18:00 협의",이미지 없음,https://www.daangn.com/kr/jobs/%ED%94%BC%EA%B7%9C%EC%96%B4-%EA%B4%80%EB%A6%AC-%EA%B5%AC%EC%9D%B8-y5z8rdhmjhza/?in=%EC%A4%91%EA%B5%AC-%EC%84%B1%EB%8F%99%EA%B5%AC-4172,2025-02-17 15:35:05
중구-성동구,고양이,11살여자아이 저녁식사챙겨주실분,"이웃알바
·
능동
·
14일 전","건당 1만 3,000원
·
수~목
·
09:00~18:00 협의",이미지 없음,https://www.daangn.com/kr/jobs/11%EC%82%B4%EC%97%AC%EC%9E%90%EC%95%84%EC%9D%B4-%EC%A0%80%EB%85%81%EC%8B%9D%EC%82%AC%EC%B1%99%EA%B2%A8%EC%A3%BC%EC%8B%A4%EB%B6%84-atsk6v8m62gg/?in=%EC%A4%91%EA%B5%AC-%EC%84%B1%EB%8F%99%EA%B5%AC-4172,2025-02-17 15:35:05
중구-성동구,고양이,초등5학년 영어과외선생님 모십니다,"이웃알바
·
석우동
·
16일 전","건당 3만 5,000원
·
월, 수
·
09:00~18:00 협의",이미지 없음,https://www.daangn.com/kr/jobs/%EC%B4%88%EB%93%B15%ED%95%99%EB%85%84-%EC%98%81%EC%96%B4%EA%B3%BC%EC%99%B8%EC%84%A0%EC%83%9D%EB%8B%98-%EB%AA%A8%EC%8B%AD%EB%8B%88%EB%8B%A4-xxaq7k9ne7zu/?in=%EC%A4%91%EA%B5%AC-%EC%84%B1%EB%8F%99%EA%B5%AC-4172,2025-02-17 15:35:05
중구-성동구,고양이,에어컨 설치&분해청소,"이웃알바
·
도당동
·
16일 전","건당 1,111원
·
2월 23일
·
09:00~18:00 협의",이미지 없음,https://www.daangn.com/kr/jobs/%EC%97%90%EC%96%B4%EC%BB%A8-%EC%84%A4%EC%B9%98-%EB%B6%84%ED%95%B4%EC%B2%AD%EC%86%8C-8b2o9rzxnnm8/?in=%EC%A4%91%EA%B5%AC-%EC%84%B1%EB%8F%99%EA%B5%AC-4172,2025-02-17 15:35:05
중구-성동구,고양이,"고양이 돌봄(사료주기,배변처리)","제주웨이브서핑
·
구좌읍
·
22일 전","월급 20만원
·
월~일
·
09:00~18:00 협의",이미지 없음,https://www.daangn.com/kr/jobs/%EA%B3%A0%EC%96%91%EC%9D%B4-%EB%8F%8C%EB%B4%84-%EC%82%AC%EB%A3%8C%EC%A3%BC%EA%B8%B0-%EB%B0%B0%EB%B3%80%EC%B2%98%EB%A6%AC-8h9bwy4y1p52/?in=%EC%A4%91%EA%B5%AC-%EC%84%B1%EB%8F%99%EA%B5%AC-4172,2025-02-17 15:35:06
중구-성동구,고양이,화/목 오후 유아 돌봄 선생님 구합니다,"이웃알바
·
초월읍
·
1개월 전","시급 1만 2,000원
·
화, 목
·
12:00~18:00",이미지 없음,https://www.daangn.com/kr/jobs/%ED%99%94-%EB%AA%A9-%EC%98%A4%ED%9B%84-%EC%9C%A0%EC%95%84-%EB%8F%8C%EB%B4%84-%EC%84%A0%EC%83%9D%EB%8B%98-%EA%B5%AC%ED%95%A9%EB%8B%88%EB%8B%A4-1duzrp68hbg9/?in=%EC%A4%91%EA%B5%AC-%EC%84%B1%EB%8F%99%EA%B5%AC-4172,2025-02-17 15:35:06
중구-성동구,고양이,고양이배식 / 1시간가량소요 / 마곡동,"이웃알바
·
마곡동
·
3개월 전","건당 2만 5,000원
·
월, 토, 일
·
09:00~18:00 협의",이미지 없음,https://www.daangn.com/kr/jobs/%EA%B3%A0%EC%96%91%EC%9D%B4%EB%B0%B0%EC%8B%9D-1%EC%8B%9C%EA%B0%84%EA%B0%80%EB%9F%89%EC%86%8C%EC%9A%94-%EB%A7%88%EA%B3%A1%EB%8F%99-ysp7t4jczoak/?in=%EC%A4%91%EA%B5%AC-%EC%84%B1%EB%8F%99%EA%B5%AC-4172,2025-02-17 15:35:06
중구-성동구,고양이,등하원도우미 구합니다,"이웃알바
·
권선동
·
1개월 전","시급 1만 3,000원
·
월~금
·
09:00~18:00 협의",이미지 없음,https://www.daangn.com/kr/jobs/%EB%93%B1%ED%95%98%EC%9B%90%EB%8F%84%EC%9A%B0%EB%AF%B8-%EA%B5%AC%ED%95%A9%EB%8B%88%EB%8B%A4-itcowc8983s7/?in=%EC%A4%91%EA%B5%AC-%EC%84%B1%EB%8F%99%EA%B5%AC-4172,2025-02-17 15:35:06
중구-성동구,고양이,고양이 돌봐주실 분 구합니다 !,"이웃알바
·
복대동
·
1개월 전","건당 1만 9,000원
·
월~금
·
14:00~17:00",이미지 없음,https://www.daangn.com/kr/jobs/%EA%B3%A0%EC%96%91%EC%9D%B4-%EB%8F%8C%EB%B4%90%EC%A3%BC%EC%8B%A4-%EB%B6%84-%EA%B5%AC%ED%95%A9%EB%8B%88%EB%8B%A4-42jz3avp1jmd/?in=%EC%A4%91%EA%B5%AC-%EC%84%B1%EB%8F%99%EA%B5%AC-4172,2025-02-17 15:35:06
중구-성동구,고양이,논현동 가정집 반려동물 돌봄 (일요일),"이웃알바
·
논현동
·
1개월 전","건당 18만원
·
일
·
07:00~16:30",이미지 없음,https://www.daangn.com/kr/jobs/%EB%85%BC%ED%98%84%EB%8F%99-%EA%B0%80%EC%A0%95%EC%A7%91-%EB%B0%98%EB%A0%A4%EB%8F%99%EB%AC%BC-%EB%8F%8C%EB%B4%84-%EC%9D%BC%EC%9A%94%EC%9D%BC-aaywwyak1wxb/?in=%EC%A4%91%EA%B5%AC-%EC%84%B1%EB%8F%99%EA%B5%AC-4172,2025-02-17 15:35:06
중구-성동구,고양이,논현동 가정집 반려동물 돌봄 (평일/주말),"이웃알바
·
논현동
·
2개월 전","건당 18만원
·
일
·
09:00~18:00 협의",이미지 없음,https://www.daangn.com/kr/jobs/%EB%85%BC%ED%98%84%EB%8F%99-%EA%B0%80%EC%A0%95%EC%A7%91-%EB%B0%98%EB%A0%A4%EB%8F%99%EB%AC%BC-%EB%8F%8C%EB%B4%84-%ED%8F%89%EC%9D%BC-%EC%A3%BC%EB%A7%90-94k1qe4cjmq7/?in=%EC%A4%91%EA%B5%AC-%EC%84%B1%EB%8F%99%EA%B5%AC-4172,2025-02-17 15:35:06
중랑구,강아지,강아지랑 산책 가능하신분~,"이웃알바
·
면목동
·
1개월 전","시급 1만 30원
·
월~금
·
09:00~18:00 협의",https://dnvefa72aowie.cloudfront.net/origin/article/202303/605c69f9958e7e9cb466a61f38e00eddafba3dc3255e33f07cec50e6f14ba7b6.webp?q=95&s=1440x1440&t=inside,https://www.daangn.com/kr/jobs/%EA%B0%95%EC%95%84%EC%A7%80%EB%9E%91-%EC%82%B0%EC%B1%85-%EA%B0%80%EB%8A%A5%ED%95%98%EC%8B%A0%EB%B6%84-z32iqp4j8vob/?in=%EC%A4%91%EB%9E%91%EA%B5%AC-102,2025-02-17 15:35:07
중랑구,강아지,집청소해주실분(오늘가능),"이웃알바
·
중화동
·
2개월 전","시급 1만 2,000원
·
월~금
·
09:00~18:00 협의",이미지 없음,https://www.daangn.com/kr/jobs/%EC%A7%91%EC%B2%AD%EC%86%8C%ED%95%B4%EC%A3%BC%EC%8B%A4%EB%B6%84-%EC%98%A4%EB%8A%98%EA%B0%80%EB%8A%A5-qv8cojvgcgm6/?in=%EC%A4%91%EB%9E%91%EA%B5%AC-102,2025-02-17 15:35:07
